<Construct>
    <item name="駆逐・軽巡・重巡・潜水艦" flagship="">
        <recipe major="0" ranLiao="30"  danYao="30"  gang="30"  lv="30" result="最低値レシピ。青,水色背景の駆逐艦､鬼怒を省く銀背景以下の軽巡洋艦に加え､秋雲､弥生､夕張が出る"></recipe>
        <recipe major="0" ranLiao="250" danYao="30"  gang="200" lv="30" result="駆逐艦は雪風,島風,Z3(Z1旗艦),Z1(Z3旗艦)のみ　副産艦は軽巡（レア含）・重巡・潜水艦・香取"></recipe>
        <recipe major="0" ranLiao="250" danYao="130" gang="200" lv="30" result="上記の亜種"></recipe>
        <recipe major="0" ranLiao="270" danYao="130" gang="330" lv="30" result="重巡洋艦レシピと同じもので狙える駆逐・軽巡は250/30/200/30と同様"></recipe>
    </item>
    <item name="戦艦" flagship="">
        <recipe major="0" ranLiao="400" danYao="30"  gang="600" lv="30" result="戦艦は長門型,金剛型,扶桑型,伊勢型｡重巡は三隈以外の全て｡"></recipe>
        <recipe major="0" ranLiao="400" danYao="100" gang="600" lv="30" result="上記の亜種"></recipe>
    </item>
    <item name="空母" flagship="">
        <recipe major="0" ranLiao="300" danYao="300" gang="600" lv="600" result="空母レシピでは､正規空母(大鳳、雲龍以外)､軽空母(龍鳳以外)､駆逐艦､軽巡洋艦､重巡洋艦(利根型､最上､加古のみ)、水上機母艦が建造可能"></recipe>
        <recipe major="0" ranLiao="300" danYao="30"  gang="400" lv="300" result="上記の亜種"></recipe>
        <recipe major="0" ranLiao="350" danYao="30"  gang="400" lv="350" result="上記の亜種"></recipe>
        <recipe major="0" ranLiao="300" danYao="30"  gang="600" lv="400" result="上記の亜種"></recipe>
    </item>
    <item name="大型建造" flagship="" isLarge="1">
        <recipe major="0" ranLiao="1500" danYao="1500" gang="2000" lv="1000" material="1" result="最低値レシピ。阿賀野型、最上型(三隈含む)、利根型、まるゆ、その他戦艦等。"></recipe>
    </item>
    <item name="大和・武藏" flagship="" isLarge="1">
        <recipe major="0" ranLiao="4000" danYao="6000" gang="6000" lv="2000" material="20" result=""></recipe>
        <recipe major="0" ranLiao="4000" danYao="6000" gang="6000" lv="3000" material="20" result="低確率で大鳳も建造可能"></recipe>
        <recipe major="0" ranLiao="6000" danYao="5000" gang="7000" lv="2000" material="20" result=""></recipe>
        <recipe major="0" ranLiao="6000" danYao="4000" gang="6000" lv="3000" material="20" result="低確率で大鳳も建造可能"></recipe>
    </item>
    <item name="大鳳" flagship="" isLarge="1">
        <recipe major="0" ranLiao="4000" danYao="2000" gang="5000" lv="7000" material="20" result=""></recipe>
        <recipe major="0" ranLiao="4000" danYao="2000" gang="5000" lv="5200" material="20" result="正空母、軽空母、あきつ丸、まるゆ以外をほぼ確実に弾くレシピとしてはボーキの消費量が今のところ最低のレシピ"></recipe>
        <recipe major="0" ranLiao="3500" danYao="3500" gang="6000" lv="6000" material="20" result="空母系レシピっぽいが、燃料が4000を下回っているため戦艦・巡洋艦（含大和型）も出る"></recipe>
    </item>
    <item name="Bismarck" flagship="Z1・Z3" isLarge="1">
        <recipe major="0" ranLiao="4000" danYao="6000" gang="6000" lv="2000" material="20" result="Z1・Z3を旗艦にすると大和の建造率は大幅に下がるため大和狙いの人は注意。"></recipe>
        <recipe major="0" ranLiao="4000" danYao="6000" gang="6000" lv="3000" material="20" result="Z1・Z3を旗艦にすると大和の建造率は大幅に下がるため大和狙いの人は注意。"></recipe>
    </item>
    <item name="伊401" flagship="" isLarge="1">
        <recipe major="0" ranLiao="4000" danYao="6000" gang="6000" lv="2000" material="1" result=""></recipe>
        <recipe major="0" ranLiao="4000" danYao="6000" gang="6000" lv="3000" material="1" result=""></recipe>
    </item>

    <!--
    <item name="" flagship="" isLarge="">
        <recipe major="0" ranLiao="" danYao="" gang="" lv="" material="" result=""></recipe>
    </item>
     -->
</Construct>