{
    "63" : [
              {
              "title" : "攻略 暫定",
              "detail" : "1.マップ概要：\n(A)は能動分岐マス。 (H)→(J)は索敵、目安は2-5式25以上\n\n2.ルート情報：\n前哨戦：(A)(C)(E)(F)(G)(H)(J)\n最終形態:(A)(C)(E)(F)(H)(J)\n(C)と(E)は大破率がアップ\n\n3.編成について\n前哨戦：水母1+軽巡1+駆逐4\n最終形態:水母1~2+軽巡3+駆逐1~2\n             水母1+軽巡1+駆逐4(上路)\n水母は現時点では千歳型と秋津洲がいるが、間違いなく千歳型を使った方が得。（夜戦の高い火力のために、旗艦不可）"
              }
            ],
    "321" : [
              {
              "title" : "海域突破報酬",
              "detail" : "甲：\n特注家具職人x1\n給糧艦「伊良湖」x2\n補強増設x1\n熟練見張員x1\n\n乙：\n特注家具職人x1\n給糧艦「伊良湖」x2\n補強増設x1\n\n丙：\n特注家具職人x1\n給糧艦「伊良湖」x1"
              }
            ],
    "322" : [
              {
              "title" : "海域突破報酬",
              "detail" : "甲：\n応急修理女神x1\n給糧艦「間宮」x1\n戦闘糧食x2\n補強増設x2\n勲章x1\n\n乙：\n応急修理女神x1\n給糧艦「間宮」x1\n戦闘糧食x1\n補強増設x1\n\n丙：\n応急修理女神x1\n給糧艦「間宮」x1\n戦闘糧食x1"
              }
            ],
    "323" : [
              {
              "title" : "海域突破報酬",
              "detail" : "甲：\n練習巡洋艦「鹿島」\n勲章x1\n改修資材×4\n四式水中聴音機x1\n\n乙：\n練習巡洋艦「鹿島」\n勲章x1\n\n丙：\n練習巡洋艦「鹿島」"
              }
            ],
    "324" : [
              {
              "title" : "海域突破報酬",
              "detail" : "甲：\n勲章x1\n熟練搭乗員x2\n改修資材x8\n洋上補給x1\nFw190T改\n\n乙：\n勲章x1\n熟練搭乗員x1\n改修資材x4\n洋上補給x1\nBf109T改\n\n丙：\n勲章x1\n熟練搭乗員x1"
              }
            ],
    "325" : [
              {
              "title" : "海域突破報酬",
              "detail" : "甲：\n駆逐艦「萩風」\n勲章x2\n甲種勲章\n\n乙：\n駆逐艦「萩風」\n勲章x2\n\n丙：\n駆逐艦「萩風」\n勲章x1"
              }
            ]
}
