<Expedition>
    <item index="1" mapName="1" time="15" costRanLiao="30" costDanYao="0" costRanLiaoReal="8" costDanYaoReal="0" flagShipLevel="1" totalShipLevel="0" awardExp="10" awardDanYao="30" name="練習航海" requireShip="最低2隻。艦種自由／「駆×2」"></item>
    <item index="2" mapName="1" time="30" costRanLiao="50" costDanYao="0" costRanLiaoReal="28" costDanYaoReal="0" flagShipLevel="2" totalShipLevel="0" awardExp="20" awardDanYao="100" awardGang="30" awardRepair="1" name="長距離練習航海" requireShip="最低4隻。艦種自由／「駆×4」" unlock="1"></item>
    <item index="3" mapName="1" time="20" costRanLiao="30" costDanYao="20" costRanLiaoReal="12" costDanYaoReal="12" flagShipLevel="3" totalShipLevel="0" awardExp="30" awardRanLiao="30" awardDanYao="30" awardGang="40" name="警備任務" requireShip="最低3隻。艦種自由／「駆×3」" unlock="2"></item>
    <item index="4" mapName="1" time="50" costRanLiao="50" costDanYao="0" costRanLiaoReal="26" costDanYaoReal="0" flagShipLevel="3" totalShipLevel="0" awardExp="30" awardDanYao="60" awardRepair="1" awardFurnitureSmall="1" name="対潜警戒任務" requireShip="最低3隻。軽1隻、駆2隻必要／「軽×1,駆×2」" unlock="3"></item>
    <item index="5" mapName="1" time="90" costRanLiao="50" costDanYao="0" costRanLiaoReal="33" costDanYaoReal="0" flagShipLevel="3" totalShipLevel="0" awardExp="40" awardRanLiao="200" awardDanYao="200" awardGang="20" awardLv="20" name="海上護衛任務" requireShip="最低4隻。軽1隻、駆2隻、他1隻必要／「軽×1,駆×3」" unlock="4"></item>
    <item index="6" mapName="1" time="40" costRanLiao="30" costDanYao="20" costRanLiaoReal="16" costDanYaoReal="16" flagShipLevel="5" totalShipLevel="0" awardExp="30" awardLv="80" awardFurnitureSmall="1" name="防空射撃演習" requireShip="最低4隻。艦種自由／「駆×4」" unlock="5"></item>
    <item index="7" mapName="1" time="60" costRanLiao="50" costDanYao="0" costRanLiaoReal="42" costDanYaoReal="0" flagShipLevel="5" totalShipLevel="0" awardExp="60" awardGang="50" awardLv="30" awardConstruct="1" name="観艦式予行" requireShip="全6隻。艦種自由／「駆×6」" unlock="6"></item>
    <item index="8" mapName="1" time="180" costRanLiao="50" costDanYao="20" costRanLiaoReal="42" costDanYaoReal="24" flagShipLevel="6" totalShipLevel="0" awardExp="120" awardRanLiao="50" awardDanYao="100" awardGang="50" awardLv="50" awardConstruct="2" awardMaterial="1" name="観艦式" requireShip="全6隻。艦種自由／「駆×6」" unlock="7"></item>



    <item index="9" mapName="2" time="240" costRanLiao="50" costDanYao="0" costRanLiaoReal="33" costDanYaoReal="0" flagShipLevel="3" totalShipLevel="0" awardExp="60" awardRanLiao="350" awardFurnitureSmall="1" awardRepair="2" name="タンカー護衛任務" requireShip="最低4隻。軽1隻、駆2隻、他1隻必要／「軽×1,駆×3」" unlock="1,2,3,4,5"></item>
    <item index="10" mapName="2" time="90" costRanLiao="30" costDanYao="0" costRanLiaoReal="18" costDanYaoReal="0" flagShipLevel="3" totalShipLevel="0" awardExp="40" awardDanYao="50" awardLv="30" awardConstruct="1" awardRepair="1" name="強行偵察任務" requireShip="最低3隻。軽2隻、他1隻必要／「軽×2,駆×1」" unlock="9"></item>
    <item index="11" mapName="2" time="300" costRanLiao="50" costDanYao="0" costRanLiaoReal="28" costDanYaoReal="0" flagShipLevel="6" totalShipLevel="0" awardExp="40" awardLv="250" awardFurnitureSmall="1" awardRepair="1" name="ボーキサイト輸送任務" requireShip="最低4隻。駆2隻、他2隻必要／「駆×4」" unlock="10"></item>
    <item index="12" mapName="2" time="480" costRanLiao="50" costDanYao="0" costRanLiaoReal="28" costDanYaoReal="0" flagShipLevel="4" totalShipLevel="0" awardExp="60" awardRanLiao="50" awardDanYao="250" awardGang="200" awardLv="50" awardMaterial="1" awardFurnitureMid="1" name="資源輸送任務" requireShip="最低4隻。駆2隻、他2隻必要／「駆×4」" unlock="11"></item>
    <item index="13" mapName="2" time="240" costRanLiao="50" costDanYao="40" costRanLiaoReal="47" costDanYaoReal="50" flagShipLevel="5" totalShipLevel="0" awardExp="70" awardRanLiao="240" awardDanYao="300" awardFurnitureSmall="1" awardRepair="2" name="鼠輸送作戦" requireShip="全6隻。軽1隻、駆4隻、他1隻必要／「軽×1,駆×5」" unlock="12"></item>
    <item index="14" mapName="2" time="360" costRanLiao="50" costDanYao="0" costRanLiaoReal="47" costDanYaoReal="0" flagShipLevel="6" totalShipLevel="0" awardExp="90" awardDanYao="240" awardGang="200" awardMaterial="1" awardRepair="1" name="包囲陸戦隊撤収作戦" requireShip="全6隻。軽1隻、駆3隻、他2隻必要／「軽×1,駆×5」" unlock="9,10,11,12,13"></item>
    <item index="15" mapName="2" time="720" costRanLiao="50" costDanYao="40" costRanLiaoReal="62" costDanYaoReal="60" flagShipLevel="8" totalShipLevel="0" awardExp="100" awardGang="300" awardLv="400" awardMaterial="1" awardFurnitureBig="1" name="囮機動部隊支援作戦" requireShip="全6隻。空母(軽母,水母可/潜母不可)2隻、駆2隻、他2隻必要／「軽母×2,駆×4」" unlock="14"></item>
    <item index="16" mapName="2" time="900" costRanLiao="50" costDanYao="40" costRanLiaoReal="47" costDanYaoReal="50" flagShipLevel="10" totalShipLevel="0" awardExp="120" awardRanLiao="500" awardDanYao="500" awardGang="200" awardLv="200" awardMaterial="2" awardConstruct="2" name="艦隊決戦援護作戦" requireShip="全6隻。軽1隻、駆2隻、他3隻必要／「軽×1,駆×5」" unlock="15"></item>



    <item index="17" mapName="3" time="45" costRanLiao="30" costDanYao="40" costRanLiaoReal="27" costDanYaoReal="50" flagShipLevel="20" totalShipLevel="0" awardExp="30" awardRanLiao="70" awardDanYao="70" awardGang="50" name="敵地偵察作戦" requireShip="全6隻。軽1隻、駆3隻、他2隻必要／「軽×1,駆×5」" unlock="16"></item>
    <item index="18" mapName="3" time="300" costRanLiao="50" costDanYao="20" costRanLiaoReal="72" costDanYaoReal="33" flagShipLevel="15" totalShipLevel="0" awardExp="60" awardGang="300" awardLv="100" awardRepair="1" name="航空機輸送作戦" requireShip="全6隻。空母(軽母,水母可/潜母不可)3隻、駆2隻、他1隻必要／「軽母×3,駆×3」" unlock="14,15,16,17"></item>
    <item index="19" mapName="3" time="360" costRanLiao="50" costDanYao="40" costRanLiaoReal="122" costDanYaoReal="116" flagShipLevel="20" totalShipLevel="0" awardExp="60" awardRanLiao="400" awardGang="50" awardLv="30" awardMaterial="1" awardFurnitureSmall="1" name="北号作戦" requireShip="全6隻。航戦2隻、駆2隻、他2隻必要／「航戦×2,駆×4」" unlock="18"></item>
    <item index="20" mapName="3" time="120" costRanLiao="50" costDanYao="40" costRanLiaoReal="17" costDanYaoReal="18" flagShipLevel="1" totalShipLevel="0" awardExp="40" awardGang="150" awardMaterial="1" awardFurnitureSmall="1" name="潜水艦哨戒任務" requireShip="最低2隻。潜1隻(潜母可)、軽1隻必要 ／「潜×1,軽×1」" unlock="19"></item>
    <item index="21" mapName="3" time="140" costRanLiao="80" costDanYao="70" costRanLiaoReal="68" costDanYaoReal="73" flagShipLevel="15" totalShipLevel="30" awardExp="45" awardRanLiao="320" awardDanYao="270" awardFurnitureSmall="1" name="北方鼠輸送作戦" requireShip="最低5隻。軽1隻、駆4隻必要。3隻以上にドラム缶(輸送用)を装備必須／「軽×1,駆×4,任意の3隻にドラム缶各1つ」／4キラ4缶100%大成功" unlock="17"></item>
    <item index="22" mapName="3" time="180" costRanLiao="80" costDanYao="70" costRanLiaoReal="100" costDanYaoReal="118" flagShipLevel="30" totalShipLevel="45" awardExp="45" awardDanYao="10" name="艦隊演習" requireShip="全6隻。重1隻、軽1隻、駆2隻、他2隻必要／「重×1,軽×1,駆×4」" unlock="18"></item>
    <item index="23" mapName="3" time="240" costRanLiao="80" costDanYao="80" costRanLiaoReal="200" costDanYaoReal="232" flagShipLevel="50" totalShipLevel="200" awardExp="70" awardDanYao="20" awardLv="100" name="航空戦艦運用演習" requireShip="全6隻。航戦2隻、駆2隻、他2隻必要／「航戦×2,駆×4」" unlock="22"></item>
    <item index="24" mapName="3" time="500" costRanLiao="80" costDanYao="60" costRanLiaoReal="80" costDanYaoReal="75" flagShipLevel="50" totalShipLevel="200" awardExp="65" awardRanLiao="500" awardLv="150" awardMaterial="2" awardRepair="1" name="北方航路海上護衛" requireShip="全6隻。軽1隻(旗艦固定)、駆4隻、他1隻必要／「軽×1,駆×5」" unlock="22"></item>



    <item index="25" mapName="4" time="2400" costRanLiao="50" costDanYao="80" costRanLiaoReal="54" costDanYaoReal="136" flagShipLevel="25" totalShipLevel="0" awardExp="80" awardRanLiao="900" awardGang="500" name="通商破壊作戦" requireShip="最低4隻。重2隻、駆2隻必要／「重×2,駆×2」" unlock="18"></item>
    <item index="26" mapName="4" time="4800" costRanLiao="80" costDanYao="80" costRanLiaoReal="72" costDanYaoReal="80" flagShipLevel="30" totalShipLevel="0" awardExp="150" awardLv="900" awardRepair="3" name="敵母港空襲作戦" requireShip="最低4隻。空母(軽母,水母可/潜母不可)1隻、軽1隻、駆2隻必要／「軽母×1,軽×1,駆×2」" unlock="25"></item>
    <item index="27" mapName="4" time="1200" costRanLiao="80" costDanYao="80" costRanLiaoReal="16" costDanYaoReal="32" flagShipLevel="1" totalShipLevel="0" awardExp="80" awardGang="800" awardMaterial="1" awardFurnitureSmall="2" name="潜水艦通商破壊作戦" requireShip="最低2隻。潜2隻(潜母可/潜水母艦(現時点では大鯨のみ)不可)必要／「潜×2」" unlock="20"></item>
    <item index="28" mapName="4" time="1500" costRanLiao="80" costDanYao="80" costRanLiaoReal="24" costDanYaoReal="48" flagShipLevel="30" totalShipLevel="0" awardExp="100" awardGang="900" awardLv="350" awardMaterial="2" awardFurnitureMid="2" name="西方海域封鎖作戦" requireShip="最低3隻。潜3隻(潜母可)必要／「潜×3」" unlock="27"></item>
    <item index="29" mapName="4" time="1440" costRanLiao="90" costDanYao="40" costRanLiaoReal="27" costDanYaoReal="24" flagShipLevel="50" totalShipLevel="0" awardExp="100" awardLv="100" awardMaterial="1" awardFurnitureSmall="1" name="潜水艦派遣演習" requireShip="最低3隻。潜3隻(潜母可)必要／「潜×3」" unlock="28"></item>
    <item index="30" mapName="4" time="2880" costRanLiao="90" costDanYao="70" costRanLiaoReal="36" costDanYaoReal="56" flagShipLevel="55" totalShipLevel="0" awardExp="100" awardLv="100" awardMaterial="3" name="潜水艦派遣作戦" requireShip="最低4隻。潜4隻(潜母可)必要／「潜×4」" unlock="29"></item>
    <item index="31" mapName="4" time="120" costRanLiao="50" costDanYao="0" costRanLiaoReal="20" costDanYaoReal="0" flagShipLevel="60" totalShipLevel="200" awardExp="50" awardDanYao="30" awardFurnitureSmall="1" name="海外艦との接触" requireShip="最低4隻。潜4隻(潜母可)必要／「潜×4」" unlock="30"></item>
    <item index="32" mapName="4" time="1440" costRanLiao="90" costDanYao="30" costRanLiaoReal="60" costDanYaoReal="15" flagShipLevel="5" totalShipLevel="0" awardExp="300" awardRanLiao="50" awardDanYao="50" awardGang="50" awardLv="50" awardFurnitureBig="1" awardMaterial="3" name="遠洋練習航海" requireShip="最低3隻。練習巡洋艦1隻(Lv.5以上，旗艦固定)，駆逐2隻必要／「香取(旗艦)，駆逐×2」" unlock="8"></item>



    <item index="33" mapName="5" time="15" costRanLiao="50" costDanYao="40" costRanLiaoReal="14" costDanYaoReal="16" flagShipLevel="0" totalShipLevel="0" awardExp="0" name="前衛支援任務" requireShip="最低2隻。駆2隻必要／「駆×2」" unlock="18"></item>
    <item index="34" mapName="5" time="30" costRanLiao="50" costDanYao="40" costRanLiaoReal="14" costDanYaoReal="16" flagShipLevel="0" totalShipLevel="0" awardExp="0" name="艦隊決戦支援任務" requireShip="最低2隻。駆2隻必要／「駆×2」" unlock="26"></item>
    <item index="35" mapName="5" time="420" costRanLiao="80" costDanYao="80" costRanLiaoReal="124" costDanYaoReal="156" flagShipLevel="40" totalShipLevel="0" awardExp="100" awardGang="240" awardLv="280" awardFurnitureSmall="2" awardMaterial="1" name="MO作戦" requireShip="全6隻。空母(装母,軽母,水母可/潜母不可)2隻、重1隻、駆1隻、他2隻必要／「軽母×2,重×1,駆×3」" unlock="26"></item>
    <item index="36" mapName="5" time="540" costRanLiao="80" costDanYao="80" costRanLiaoReal="112" costDanYaoReal="124" flagShipLevel="30" totalShipLevel="0" awardExp="100" awardRanLiao="480" awardGang="200" awardLv="200" awardFurnitureMid="2" awardRepair="1" name="水上機基地建設" requireShip="全6隻。水母(空母不可,軽母不可,潜母不可)2隻、軽1隻、駆1隻、他2隻必要／「水母×2,軽×1,駆×3」" unlock="35"></item>
    <item index="37" mapName="5" time="165" costRanLiao="80" costDanYao="80" costRanLiaoReal="80" costDanYaoReal="100" flagShipLevel="50" totalShipLevel="200" awardExp="50" awardDanYao="380" awardGang="270" awardFurnitureSmall="1" name="東京急行" requireShip="全6隻。軽1隻、駆5隻必要。ドラム缶(輸送用)を3隻以上に、かつ合計で4つ以上装備必須。／「軽×1,駆×5,任意の4隻にドラム缶各1つ」／4キラ5缶100%大成功" unlock="36"></item>
    <item index="38" mapName="5" time="175" costRanLiao="80" costDanYao="80" costRanLiaoReal="72" costDanYaoReal="96" flagShipLevel="65" totalShipLevel="240" awardExp="50" awardRanLiao="420" awardGang="200" awardFurnitureSmall="1" name="東京急行(弐)" requireShip="全6隻。駆5隻、他1隻必要。ドラム缶(輸送用)を4隻以上に、かつ合計で8つ以上装備必須。／「駆×6,任意の4隻にドラム缶各2つで合計8つ」「駆×6,任意の4隻にドラム缶各1つ,残りの2隻にドラム缶各2つで合計8つ」／4キラ10缶100%大成功" unlock="37"></item>
    <item index="39" mapName="5" time="1800" costRanLiao="90" costDanYao="90" costRanLiaoReal="67" costDanYaoReal="81" flagShipLevel="3" totalShipLevel="180" awardExp="130" awardGang="300" awardRepair="2" awardFurnitureMid="1" name="遠洋潜水艦作戦" requireShip="最低5隻。潜水母艦(潜水空母ではない。現時点では改造前の大鯨のみ。)1隻、潜4隻(潜空母可)必要／「潜母艦×1,潜×4」" unlock="36"></item>
    <item index="40" mapName="5" time="410" costRanLiao="80" costDanYao="70" costRanLiaoReal="112" costDanYaoReal="110" flagShipLevel="25" totalShipLevel="150" awardExp="60" awardRanLiao="300" awardDanYao="300" awardLv="100" awardFurnitureSmall="3" awardRepair="1" name="水上機前線輸送" requireShip="全6隻。軽1隻(旗艦固定)、水母(空母不可,軽母不可,潜母不可)2隻、駆2隻、他1隻必要／「軽×1,水母×2,駆×3」" unlock="38"></item>



</Expedition>