<Quest>
    <item index="1001" type="1" period="1" title="はじめての「編成」！" content="2隻以上の艦で編成される「艦隊」を編成せよ！" awardRanLiao="20" awardDanYao="20" awardGang="" awardLv="" awardOther="駆逐艦白雪" unlockIndex=""></item>
    <item index="1002" type="1" period="1" title="「駆逐隊」を編成せよ！" content="駆逐艦4隻以上で編成される「駆逐隊」を編成せよ！" awardRanLiao="30" awardDanYao="30" awardGang="30" awardLv="" awardOther="高速建造材x1" unlockIndex=""></item>
    <item index="1003" type="1" period="1" title="「水雷戦隊」を編成せよ！" content="軽巡洋艦を旗艦とし、数隻の駆逐艦で構成される「水雷戦隊」を編成せよ！" awardRanLiao="40" awardDanYao="40" awardGang="" awardLv="40" awardOther="開発資材x1" unlockIndex=""></item>
    <item index="1004" type="1" period="1" title="6隻編成の艦隊を編成せよ！" content="全6隻で構成される主力艦隊を編成せよ！" awardRanLiao="50" awardDanYao="" awardGang="50" awardLv="" awardOther="第2艦隊開放" unlockIndex="1003"></item>
    <item index="1005" type="1" period="1" title="軽巡2隻を擁する隊を編成せよ！" content="軽巡洋艦2隻を擁する高速艦隊を編成せよ！" awardRanLiao="60" awardDanYao="60" awardGang="" awardLv="" awardOther="開発資材x1" unlockIndex=""></item>
    <item index="1006" type="1" period="1" title="第2艦隊を編成せよ！" content="二つ目の艦隊、第2艦隊の旗艦を指定して、第2艦隊を編成せよ！" awardRanLiao="50" awardDanYao="50" awardGang="100" awardLv="" awardOther="高速建造材x1" unlockIndex=""></item>
    <item index="1007" type="1" period="1" title="「重巡戦隊」を編成せよ！" content="重巡洋艦2隻を擁する重巡艦隊を編成せよ！" awardRanLiao="" awardDanYao="70" awardGang="" awardLv="30" awardOther="高速修復材x1" unlockIndex="1005"></item>
    <item index="1008" type="1" period="1" title="「天龍」型軽巡姉妹の全2艦を編成せよ！" content="天龍型軽巡洋艦「天龍」「龍田」を同一艦隊に配属せよ！" awardRanLiao="100" awardDanYao="100" awardGang="100" awardLv="50" awardOther="高速建造材x2" unlockIndex="1005"></item>
    <item index="1009" type="1" period="1" title="「水上機母艦」を配備せよ！" content="多数の水上偵察機を運用する「水上機母艦」を艦隊に配備せよ！" awardRanLiao="" awardDanYao="" awardGang="" awardLv="200" awardOther="開発資材x1" unlockIndex=""></item>
    <item index="1010" type="1" period="1" title="「第六駆逐隊」を編成せよ！" content="「暁」「響」「雷」「電」4隻による第六駆逐隊を編成せよ！" awardRanLiao="150" awardDanYao="150" awardGang="" awardLv="" awardOther="応急修理要員x1" unlockIndex="1009"></item>
    <item index="1011" type="1" period="1" title="第2艦隊で空母機動部隊を編成せよ！" content="第二艦隊に軽空母/空母/装母＋駆逐艦3隻で達成" awardRanLiao="100" awardDanYao="" awardGang="" awardLv="100" awardOther="高速建造材x2" unlockIndex="2003"></item>
    <item index="1012" type="1" period="1" title="空母機動部隊を編成せよ！" content="軽空母/空母/装母を旗艦＋駆逐艦3隻で達成" awardRanLiao="50" awardDanYao="" awardGang="" awardLv="100" awardOther="開発資材x1" unlockIndex=""></item>
    <item index="1013" type="1" period="1" title="戦艦と重巡による主力艦隊を編成せよ！" content="戦艦1隻以上、重巡2隻以上を主力とした水上打撃艦隊を編成せよ！" awardRanLiao="" awardDanYao="150" awardGang="" awardLv="" awardOther="高速建造材x2" unlockIndex="1012"></item>
    <item index="1014" type="1" period="1" title="「川内」型軽巡姉妹の全3艦を編成せよ！" content="川内型軽巡洋艦、「川内」「神通」「那珂」を同一艦隊に編成せよ！" awardRanLiao="100" awardDanYao="" awardGang="100" awardLv="" awardOther="第3艦隊開放" unlockIndex="1007"></item>
    <item index="1015" type="1" period="1" title="「妙高」型重巡姉妹の全4隻を編成せよ！" content="妙高型重巡洋艦「妙高」「那智」「足柄」「羽黒」を同一艦隊に配属せよ！" awardRanLiao="150" awardDanYao="100" awardGang="150" awardLv="100" awardOther="高速修復材x1、開発資材x1" unlockIndex="1014"></item>
    <item index="1016" type="1" period="1" title="「金剛」型による高速戦艦部隊を編成せよ！" content="金剛型戦艦「金剛」「比叡」「榛名」「霧島」全4隻の高速戦艦を集中配備せよ！" awardRanLiao="" awardDanYao="" awardGang="" awardLv="" awardOther="第4艦隊開放" unlockIndex="1015"></item>
    <item index="1017" type="1" period="1" title="「扶桑」型戦艦姉妹の全2隻を編成せよ！" content="扶桑型戦艦「扶桑」「山城」を同一艦隊に配属せよ！" awardRanLiao="200" awardDanYao="200" awardGang="200" awardLv="200" awardOther="高速修復材x2、開発資材x1" unlockIndex="1008"></item>
    <item index="1018" type="1" period="1" title="「伊勢」型戦艦姉妹の全2隻を編成せよ！" content="伊勢型戦艦「伊勢」「日向」を同一艦隊に配属せよ！" awardRanLiao="300" awardDanYao="200" awardGang="300" awardLv="200" awardOther="高速修復材x2、開発資材x2" unlockIndex="1017"></item>
    <item index="1019" type="1" period="1" title="南雲機動部隊を編成せよ！" content="一航戦「赤城」「加賀」二航戦「飛龍」「蒼龍」からなる第一機動部隊を編成せよ！" awardRanLiao="500" awardDanYao="500" awardGang="500" awardLv="500" awardOther="高速建造材x2、開発資材x4" unlockIndex="1013"></item>
    <item index="1020" type="1" period="1" title="「三川艦隊」を編成せよ！" content="「鳥海」「青葉」「加古」「古鷹」「天龍」＋何か1隻（高速）の計6隻で達成" awardRanLiao="400" awardDanYao="" awardGang="200" awardLv="" awardOther="高速修復材x3" unlockIndex="1013"></item>
    <item index="1021" type="1" period="1" title="「第四戦隊」を編成せよ！" content="「愛宕」「高雄」「鳥海」「摩耶」を旗艦とした第四戦隊を編成せよ！" awardRanLiao="300" awardDanYao="150" awardGang="" awardLv="" awardOther="高速修復材x2、開発資材x1" unlockIndex="1020"></item>
    <item index="1022" type="1" period="1" title="「西村艦隊」を編成せよ！" content="「扶桑」「山城」「最上」「時雨」を旗艦とした西村艦隊を編成せよ！" awardRanLiao="200" awardDanYao="200" awardGang="200" awardLv="" awardOther="給糧艦「間宮」x1" unlockIndex="1021"></item>
    <item index="1023" type="1" period="1" title="「第五航空戦隊」を編成せよ！" content="「翔鶴」「瑞鶴」を旗艦とし、駆逐艦2隻を加えた第五航空戦隊を編成せよ！" awardRanLiao="300" awardDanYao="" awardGang="" awardLv="300" awardOther="応急修理要員x1" unlockIndex="1022"></item>
    <item index="1024" type="1" period="1" title="新「三川艦隊」を編成せよ！" content="「鳥海」「青葉」「衣笠」「加古」「古鷹」「天龍」からなる三川艦隊を編成せよ！" awardRanLiao="300" awardDanYao="" awardGang="300" awardLv="" awardOther="給糧艦「間宮」x1" unlockIndex="1021"></item>
    <item index="1025" type="1" period="1" title="潜水艦隊を編成せよ！" content="伊号潜水艦2隻からなる潜水艦隊を編成せよ！" awardRanLiao="150" awardDanYao="150" awardGang="" awardLv="" awardOther="応急修理要員x1" unlockIndex="1021"></item>
    <item index="1026" type="1" period="1" title="航空水上打撃艦隊を編成せよ！" content="航空戦艦2隻と航空巡洋艦2隻を旗艦とする艦隊を編成せよ！" awardRanLiao="" awardDanYao="" awardGang="200" awardLv="200" awardOther="高速修復材x2" unlockIndex="1022"></item>
    <item index="1027" type="1" period="1" title="中規模潜水艦隊を編成せよ！" content="伊号潜水艦3隻以上からなる潜水艦隊を編成せよ！" awardRanLiao="150" awardDanYao="150" awardGang="" awardLv="" awardOther="給糧艦「間宮」x1" unlockIndex="1021"></item>
    <item index="1028" type="1" period="1" title="「第六戦隊」を編成せよ！" content="「古鷹」「加古」「青葉」「衣笠」からなる第六戦隊を編成せよ！" awardRanLiao="250" awardDanYao="300" awardGang="" awardLv="" awardOther="給糧艦「間宮」x1" unlockIndex="1010"></item>
    <item index="1029" type="1" period="1" title="「第五艦隊」を編成せよ！" content="「那智」「足柄」「多摩」「木曾」を中核とした第五艦隊を編成せよ！" awardRanLiao="200" awardDanYao="" awardGang="300" awardLv="" awardOther="高速修復材x3" unlockIndex="1021"></item>
    <item index="1030" type="1" period="1" title="「第一水雷戦隊」を編成せよ！" content="「阿武隈」「曙」「潮」「霞(かすみ)」「不知火」を中核とした第1水雷戦隊を編成せよ！" awardRanLiao="200" awardDanYao="300" awardGang="" awardLv="" awardOther="応急修理要員x1" unlockIndex="1029"></item>
    <item index="1031" type="1" period="1" title="「第八駆逐隊」を編成せよ！" content="「朝潮」「満潮」「大潮」「荒潮」4隻による第八駆逐隊を編成せよ！" awardRanLiao="150" awardDanYao="150" awardGang="" awardLv="" awardOther="開発資材x3" unlockIndex="1025"></item>
    <item index="1032" type="1" period="1" title="「第十八駆逐隊」を編成せよ！" content="「霞(かすみ)」「霰(あられ)」「陽炎」「不知火」4隻による第十八駆逐隊を編成せよ！" awardRanLiao="180" awardDanYao="180" awardGang="" awardLv="" awardOther="開発資材x1、応急修理要員x1" unlockIndex="2020"></item>
    <item index="1033" type="1" period="1" title="「第三十駆逐隊(第一次)」を編成せよ！" content="「睦月」「如月」「弥生」「望月」4隻による第三十駆逐隊(第一次)を編成せよ！" awardRanLiao="200" awardDanYao="200" awardGang="" awardLv="" awardOther="高速修復材x2、応急修理要員x1" unlockIndex="1031"></item>
    <item index="1034" type="1" period="1" title="「第三十駆逐隊(第二次)」を編成せよ！" content="「睦月」「卯月」「弥生」「望月」4隻による第三十駆逐隊(第二次)を編成せよ！" awardRanLiao="220" awardDanYao="220" awardGang="" awardLv="" awardOther="開発資材x3" unlockIndex="1033"></item>
    <item index="1035" type="1" period="1" title="「第五戦隊」を編成せよ！" content="「妙高」「那智」「羽黒」を旗艦とした第五戦隊を編成せよ！" awardRanLiao="" awardDanYao="" awardGang="300" awardLv="" awardOther="開発資材x5" unlockIndex="2024"></item>
    <item index="1036" type="1" period="1" title="新編「第二航空戦隊」を編成せよ！" content="「飛龍改二」(※旗艦)及び「蒼龍」を旗艦とした二航戦(要駆逐艦2隻)を編成せよ！" awardRanLiao="" awardDanYao="" awardGang="" awardLv="400" awardOther="高速修復材x2、開発資材x2" unlockIndex="1028"></item>
    <item index="1037" type="1" period="1" title="潜水艦隊「第六艦隊」を編成せよ！" content="「潜水母艦」(※旗艦)と複数の潜水艦(4隻以上)からなる潜水艦隊「第六艦隊」を編成せよ！" awardRanLiao="250" awardDanYao="250" awardGang="" awardLv="" awardOther="開発資材x3" unlockIndex="1027"></item>
    <item index="1038" type="1" period="1" title="新型電探を配備せよ！" content="新型電探運用試験のため、第一艦隊の旗艦に「妙高改二」を配備せよ！" awardRanLiao="300" awardDanYao="" awardGang="" awardLv="300" awardOther="22号対水上電探改四×1" unlockIndex="1035"></item>
    <item index="1039" type="1" period="1" title="再編成「第二航空戦隊」を強化せよ！" content="「蒼龍改二」(※旗艦)及び「飛龍改二」を旗艦とした二航戦(要駆逐艦2隻)を編成せよ！" awardRanLiao="" awardDanYao="" awardGang="" awardLv="450" awardOther="高速建造材x2、開発資材x2" unlockIndex="2025"></item>
    <item index="1040" type="1" period="1" title="精鋭「第三戦隊」全艦集結せよ！" content="第二次改装を完了した改装金剛型高速戦艦4隻を集結させよ！" awardRanLiao="" awardDanYao="100" awardGang="" awardLv="" awardOther="試製35.6cm三連装砲×1" unlockIndex="2091"></item>
    <item index="1041" type="1" period="1" title="「新型正規空母」を配備せよ！" content="雲龍型航空母艦一番艦「雲龍」を第一艦隊機旗艦に配備せよ！" awardRanLiao="100" awardDanYao="100" awardGang="100" awardLv="300" awardOther="開発資材x2" unlockIndex="1023"></item>
    <item index="1042" type="1" period="1" title="主力戦艦部隊「第二戦隊」を編成せよ！" content="長門型2隻及び扶桑型2隻の計4隻の主力戦艦からなる第二戦隊を編成せよ！" awardRanLiao="" awardDanYao="250" awardGang="250" awardLv="" awardOther="高速修復材x2" unlockIndex="1032"></item>
    <item index="1043" type="1" period="1" title="戦艦を主力とした水上打撃部隊を編成せよ！" content="大和型・長門型・伊勢型・扶桑型のいずれか3隻と軽巡1隻他の水上打撃部隊を配備せよ！" awardRanLiao="300" awardDanYao="300" awardGang="" awardLv="" awardOther="開発資材x3" unlockIndex="2031"></item>
    <item index="1044" type="1" period="1" title="「西村艦隊」を再編成せよ！" content="「扶桑」「山城」「最上」「時雨」「満潮」を旗艦とした西村艦隊を編成せよ！" awardRanLiao="300" awardDanYao="300" awardGang="" awardLv="" awardOther="開発資材x2、改修資材x3" unlockIndex="1035,2014"></item>
    <item index="1045" type="1" period="1" title="改修工廠を準備せよ！" content="第一艦隊の旗艦に工作艦「明石」を配備、改修工廠の準備をせよ！" awardRanLiao="100" awardDanYao="" awardGang="100" awardLv="" awardOther="改修資材x5、改修工廠開放" unlockIndex="1009"></item>
    <item index="1046" type="1" period="1" title="軽快な「水上反撃部隊」を編成せよ！" content="駆逐艦「霞」を旗艦とした重巡「足柄」及び軽巡1隻駆逐艦4隻の水上挺身部隊を編成せよ！" awardRanLiao="250" awardDanYao="250" awardGang="" awardLv="50" awardOther="高速修復材x2、開発資材x2" unlockIndex="1023,2014"></item>
    <item index="1047" type="1" period="1" title="「第十一駆逐隊」を編成せよ！" content="特Ⅰ型駆逐艦「吹雪」「白雪」「初雪」「叢雲」4隻による第十一駆逐隊を編成せよ！" awardRanLiao="110" awardDanYao="110" awardGang="110" awardLv="" awardOther="開発資材×3" unlockIndex="1032"></item>
    <item index="1048" type="1" period="1" title="「第二一駆逐隊」を編成せよ！" content="「初春」「子日」「若葉」「初霜」4隻による「第二一駆逐隊」を編成せよ！" awardRanLiao="210" awardDanYao="210" awardGang="" awardLv="" awardOther="高速修復材x3" unlockIndex="2035"></item>
    <item index="1049" type="1" period="1" title="「第二二駆逐隊」を編成せよ！" content="「皐月」「文月」「長月」他1隻計駆逐艦4隻による第二二駆逐隊を編成せよ！" awardRanLiao="220" awardDanYao="220" awardGang="" awardLv="" awardOther="改修資材x2、高速修復材x2" unlockIndex="2038"></item>
    <item index="1050" type="1" period="1" title="「三川艦隊」を新編、突入準備せよ！" content="「鳥海改二」を旗艦とし、「古鷹」「加古」「青葉」「衣笠」「夕張」「天龍」の中から5隻、合計6隻で達成の模様" awardRanLiao="300" awardDanYao="300" awardGang="" awardLv="" awardOther="高速修復材x2" unlockIndex="1034,2016"></item>
    <item index="1051" type="1" period="1" title="「第十八戦隊」を新編成せよ！" content="軽巡洋艦「天龍」「龍田」を基幹戦力とした「第十八戦隊」を4隻以上で新編成せよ！" awardRanLiao="180" awardDanYao="180" awardGang="" awardLv="180" awardOther="開発資材x2" unlockIndex="2042"></item>
    <item index="1052" type="1" period="1" title="海上突入部隊を編成せよ！" content="戦艦「比叡」「霧島」軽巡「長良」駆逐艦「暁」「雷」「電」による海上突入部隊を編成せよ！" awardRanLiao="" awardDanYao="300" awardGang="" awardLv="" awardOther="開発資材x2、高速修復材x2" unlockIndex="2016"></item>
    <item index="1053" type="1" period="1" title="新編「第六駆逐隊」を編成せよ！" content="「暁改二」を旗艦とした「響」「雷」「電」4隻による第六駆逐隊を編成せよ！" awardRanLiao="150" awardDanYao="150" awardGang="" awardLv="" awardOther="探照灯" unlockIndex="2014"></item>
    <item index="1054" type="1" period="1" title="「第一水雷戦隊」北方突入準備！" content="「阿武隈」を旗艦として「響」「初霜」「若葉」「五月雨」「島風」による一水戦を編成せよ！" awardRanLiao="150" awardDanYao="150" awardGang="" awardLv="" awardOther="高速修復材×2、家具箱（中）×1" unlockIndex="2021"></item>
    <item index="1055" type="1" period="1" title="「第一水雷戦隊」北方再突入準備！" content="「阿武隈改二」を旗艦として「響」「夕雲」「長波」「秋雲」「島風」の一水戦を再編成せよ!" awardRanLiao="200" awardDanYao="200" awardGang="" awardLv="" awardOther="高速修復材×3、家具箱（大）×1" unlockIndex="3007"></item>
    <item index="1056" type="1" period="1" title="「第五航空戦隊」を再編成せよ！" content="「翔鶴」「瑞鶴」と随伴駆逐艦「朧」「秋雲」を基幹とした第五航空戦隊を再編成せよ！" awardRanLiao="300" awardDanYao="" awardGang="" awardLv="300" awardOther="開発資材×3" unlockIndex="2306"></item>
    <item index="1057" type="1" period="1" title="新編「第二一戦隊」出撃準備！" content="「那智改二」「足柄改二」及び「多摩」「木曾」を基幹とした、第二一戦隊を編成せよ！" awardRanLiao="150" awardDanYao="150" awardGang="150" awardLv="" awardOther="開発資材x2、改修資材x2" unlockIndex="1050,2034"></item>
    <item index="1058" type="1" period="1" title="「第十六戦隊(第一次)」を編成せよ！" content="「足柄」を旗艦として「球磨」「長良」を擁する、第十六戦隊(第一次)を編成せよ！" awardRanLiao="150" awardDanYao="150" awardGang="150" awardLv="" awardOther="開発資材x2、高速修復材x2" unlockIndex="2102"></item>
    <item index="1059" type="1" period="1" title="「第三航空戦隊」を編成せよ！" content="「瑞鶴改」を旗艦とした「瑞鳳」「千歳」「千代田」を加えた4隻の空母部隊を編制せよ！※「千歳」「千代田」は軽空母に改造済みでないと達成不可。" awardRanLiao="200" awardDanYao="200" awardGang="0" awardLv="200" awardOther="開発資材x2、熟練搭乗員×1" unlockIndex="2306,6021"></item>
    <item index="1060" type="1" period="1" title="「第四航空戦隊」を編成せよ！" content="航空戦艦「伊勢改」及び「日向改」を基幹戦力とした第四航空戦隊を編成せよ！" awardRanLiao="0" awardDanYao="200" awardGang="0" awardLv="200" awardOther="瑞雲(六三四空)" unlockIndex="2053"></item>
    <item index="1061" type="1" period="1" title="「小沢艦隊」を編成せよ！" content="「瑞鶴改」旗艦、空母「瑞鳳改」「千歳」「千代田」及び「伊勢改」「日向改」を配備せよ！※「千歳」「千代田」は軽空母に改造済みでないと達成不可。" awardRanLiao="300" awardDanYao="0" awardGang="0" awardLv="300" awardOther="開発資材×2、応急修理要員×1" unlockIndex="1060,2307"></item>
    <item index="1062" type="1" period="1" title="新航空戦隊を編成せよ！" content="改二改装を終えた翔鶴型航空母艦2隻と同護衛艦による新航空戦隊を新編成せよ！" awardRanLiao="0" awardDanYao="300" awardGang="300" awardLv="300" awardOther="給糧艦×1、熟練搭乗員×1" unlockIndex="6029"></item>
    <item index="1063" type="1" period="1" title="「第十六戦隊(第二次)」を編成せよ！" content="「名取」を旗艦として「五十鈴」「鬼怒」を擁する、第十六戦隊(第二次)を編成せよ！" awardRanLiao="160" awardDanYao="160" awardGang="160" awardLv="0" awardOther="開発資材x2、高速修復材x2" unlockIndex="2052,3005"></item>
    <item index="1064" type="1" period="1" title="「新編成航空戦隊」を編成せよ！" content="空母2隻＋(航空戦艦or航空巡洋艦)2隻＋駆逐艦2隻の新航空戦隊を編成せよ！" awardRanLiao="0" awardDanYao="200" awardGang="0" awardLv="200" awardOther="開発資材x2、改修資材x2" unlockIndex="2055,2050"></item>
    <item index="1065" type="1" period="1" title="精強な「水上反撃部隊」を再編成せよ！" content="駆逐艦「霞」旗艦、「足柄」「大淀」「朝霜」「清霜」他の水上反撃部隊を再編成せよ！" awardRanLiao="300" awardDanYao="300" awardGang="0" awardLv="0" awardOther="高速修復材x3" unlockIndex="2056"></item>
    <item index="1066" type="1" period="1" title="「第三十一戦隊(第一次)」を編成せよ！" content="「五十鈴改二」旗艦、「皐月改二」「卯月改」を含む、対潜機動水上部隊を編成せよ！" awardRanLiao="310" awardDanYao="310" awardGang="0" awardLv="0" awardOther="高速修復材x2、給糧艦「伊良湖」x1" unlockIndex="2055,2102"></item>
    <item index="1067" type="1" period="1" title="「第二七駆逐隊」を編成せよ！" content="「白露改」旗艦、「時雨」「春雨」「五月雨」４隻による第二七駆逐隊を編成せよ！※表記４隻「のみ」の艦隊を作ると達成" awardRanLiao="0" awardDanYao="270" awardGang="270" awardLv="0" awardOther="高速修復材x2、開発資材x2" unlockIndex=""></item>
    <item index="1090" type="1" period="1" title="式の準備！(その参)" content="第一艦隊旗艦に練度の高い(Lv.90～99)艦娘を配備して気持ちを整理せよ！" awardRanLiao="88" awardDanYao="88" awardGang="88" awardLv="88" awardOther="家具箱(大)×1" unlockIndex="3090"></item>
    <item index="1091" type="1" period="1" title="新たなる旅立ち！" content="第一艦隊旗艦に強い絆を結んだLv.100以上の艦娘を配備した6隻の艦隊を編成せよ！" awardRanLiao="200" awardDanYao="200" awardGang="200" awardLv="200" awardOther="応急修理要員×1" unlockIndex="2090"></item>



    <item index="2001" type="2" period="1" title="はじめての「出撃」！" content="艦隊を出撃させ、敵艦隊と交戦せよ！" awardRanLiao="20" awardDanYao="20" awardGang="" awardLv="" awardOther="高速修復材x1" unlockIndex=""></item>
    <item index="2002" type="2" period="1" title="鎮守府正面海域を護れ！" content="「敵主力艦隊」（1-1ボス戦）に勝利で達成" awardRanLiao="30" awardDanYao="30" awardGang="30" awardLv="" awardOther="高速修復材x1" unlockIndex=""></item>
    <item index="2003" type="2" period="1" title="第2艦隊、出撃せよ！" content="新たに編成した「第2艦隊」を出撃せよ！" awardRanLiao="" awardDanYao="" awardGang="200" awardLv="200" awardOther="開発資材x1" unlockIndex="1006"></item>
    <item index="2004" type="2" period="1" title="南西諸島沖に出撃せよ！" content="南西諸島沖に艦隊を出撃させ、敵艦隊と交戦せよ！" awardRanLiao="40" awardDanYao="40" awardGang="" awardLv="" awardOther="高速修復材x1" unlockIndex=""></item>
    <item index="2005" type="2" period="1" title="接近する「敵前衛艦隊」を迎撃せよ！" content="「敵主力部隊」（1-2ボス戦）に勝利で達成" awardRanLiao="50" awardDanYao="" awardGang="50" awardLv="" awardOther="開発資材x1、駆逐艦深雪" unlockIndex=""></item>
    <item index="2006" type="2" period="1" title="「水雷戦隊」で出撃せよ！" content="軽巡洋艦1隻を旗艦とし、複数の駆逐艦からなる水雷戦隊で出撃せよ！" awardRanLiao="60" awardDanYao="60" awardGang="" awardLv="60" awardOther="軽巡洋艦龍田" unlockIndex="2005"></item>
    <item index="2007" type="2" period="1" title="「重巡洋艦」を出撃させよ！" content="重巡洋艦を旗艦とした艦隊を編成、これを出撃させよ！" awardRanLiao="70" awardDanYao="" awardGang="70" awardLv="" awardOther="開発資材x1" unlockIndex="2006"></item>
    <item index="2008" type="2" period="1" title="「戦艦」を出撃させよ！" content="海上の覇者、戦艦を旗艦とした艦隊を編成、これを出撃させよ！" awardRanLiao="" awardDanYao="150" awardGang="150" awardLv="" awardOther="開発資材x1" unlockIndex="2007"></item>
    <item index="2009" type="2" period="1" title="「空母機動部隊」出撃せよ！" content="空母1隻、護衛3隻の計4隻編成した空母機動部隊を出撃させよ！" awardRanLiao="200" awardDanYao="" awardGang="" awardLv="300" awardOther="高速修復材x1、開発資材x1" unlockIndex="2008"></item>
    <item index="2010" type="2" period="1" title="敵空母を撃沈せよ！" content="敵機動部隊を捕捉し、これを邀撃、敵空母を轟沈せよ！※軽空母撃沈でも可。かつては出撃した艦隊に空母or軽空母がいる場合に限り追加報酬が発生していたが、現在はいなくてもいい模様" awardRanLiao="" awardDanYao="" awardGang="" awardLv="100" awardOther="正規空母赤城" unlockIndex="1011"></item>
    <item index="2011" type="2" period="1" title="「三川艦隊」出撃せよ！" content="「三川艦隊」の5隻（「古鷹」「加古」「青葉」「鳥海」「天龍」）＋何か1隻（高速）の計6隻で出撃で達成。途中帰還してもOK" awardRanLiao="" awardDanYao="200" awardGang="" awardLv="" awardOther="応急修理要員x1" unlockIndex="1020"></item>
    <item index="2012" type="2" period="1" title="「第六駆逐隊」出撃せよ！" content="「暁」「響」「雷」「電」による第六駆逐隊、出撃せよ！" awardRanLiao="200" awardDanYao="" awardGang="" awardLv="" awardOther="高速修復材x1" unlockIndex="1010,2203"></item>
    <item index="2013" type="2" period="1" title="「第四戦隊」出撃せよ！" content="「愛宕」「高雄」「鳥海」「摩耶」を基幹とする第四戦隊で、バシー島沖の敵を撃滅せよ！※「敵通商破壊艦隊」（2-2ボス戦）に勝利で達成。上記の4隻+他に艦がいてもOK" awardRanLiao="150" awardDanYao="100" awardGang="150" awardLv="100" awardOther="高速修復材x2" unlockIndex="1021"></item>
    <item index="2014" type="2" period="1" title="「西村艦隊」出撃せよ！" content="「扶桑」「山城」「最上」「時雨」を基幹とする西村艦隊で、オリョール海の敵を撃滅せよ！※「敵主力打撃群」（2-3ボス戦）に勝利で達成。上記の4隻+他に艦がいてもOK" awardRanLiao="400" awardDanYao="" awardGang="400" awardLv="" awardOther="高速修復材x2、家具箱(小)x1" unlockIndex="1022"></item>
    <item index="2015" type="2" period="1" title="「第五航空戦隊」出撃せよ！" content="「翔鶴」「瑞鶴」を基幹とする第五航空戦隊で、北方海域モーレイ海の敵を撃滅せよ！※「敵北方侵攻艦隊」（3-1ボス戦）に勝利で達成。上記の2隻+他に艦がいてもOK。なお、A23の条件の駆逐艦2隻は加えなくてもよい。" awardRanLiao="200" awardDanYao="200" awardGang="" awardLv="700" awardOther="高速修復材x2、家具箱(中)x1" unlockIndex="1023"></item>
    <item index="2016" type="2" period="1" title="新「三川艦隊」出撃せよ！" content="完全編成した「三川艦隊」をもって、オリョール海の敵を撃滅せよ！※「敵主力打撃群」（2-3ボス戦）に勝利で達成。「新三川艦隊」（「鳥海」「青葉」「衣笠」「加古」「古鷹」「天龍」の6隻）なので間違えないように" awardRanLiao="100" awardDanYao="150" awardGang="100" awardLv="150" awardOther="応急修理要員x1" unlockIndex="1024"></item>
    <item index="2017" type="2" period="1" title="「潜水艦隊」出撃せよ！" content="伊号潜水艦2隻からなる潜水艦隊でオリョール海の敵を撃滅せよ！※「敵主力打撃群」（2-3ボス戦）に勝利で達成。上記の2隻+他に艦がいてもOK ※まるゆでも可" awardRanLiao="150" awardDanYao="" awardGang="300" awardLv="" awardOther="特注家具職人×1" unlockIndex="1025"></item>
    <item index="2018" type="2" period="1" title="「航空水上打撃艦隊」出撃せよ！" content="航空戦艦2隻、航空巡洋艦2隻を基幹とする艦隊でカレー洋の制海権を握れ！※「東方主力艦隊」（4-2ボス戦）に勝利で達成。上記の4隻+他に艦がいてもOK" awardRanLiao="" awardDanYao="150" awardGang="" awardLv="300" awardOther="給糧艦「間宮」×1" unlockIndex="1026"></item>
    <item index="2019" type="2" period="1" title="「第六戦隊」出撃せよ！" content="編成した「第六戦隊」をもって出撃し、オリョール海の敵を撃滅「完全勝利」せよ！※「敵主力打撃群」（2-3ボス戦）にS勝利で達成。「第六戦隊」の4隻（「古鷹」「加古」「青葉」「衣笠」）+他に艦がいてもOK" awardRanLiao="" awardDanYao="150" awardGang="" awardLv="300" awardOther="家具箱(中)x1、応急修理要員x1" unlockIndex="1028"></item>
    <item index="2020" type="2" period="1" title="「第八駆逐隊」出撃せよ！" content="編成した「第八駆逐隊」を含む艦隊で出撃し、オリョール海の敵を撃滅せよ！※「敵主力打撃群」（2-3ボス戦）に勝利で達成。「第八駆逐隊」の4隻（「朝潮」「満潮」「大潮」「荒潮」）+他に艦がいてもOK" awardRanLiao="" awardDanYao="100" awardGang="400" awardLv="" awardOther="開発資材x1、家具箱(中)" unlockIndex="1031"></item>
    <item index="2021" type="2" period="1" title="「第十八駆逐隊」出撃せよ！" content="編成した「第十八駆逐隊」を含む艦隊で出撃し、モーレイ海の敵を撃滅せよ！※「敵北方侵攻艦隊」（3-1ボス戦）に勝利で達成。「第十八駆逐隊」の4隻（「霰」「霞」「陽炎」「不知火」）+他に艦がいてもOK" awardRanLiao="" awardDanYao="100" awardGang="" awardLv="400" awardOther="開発資材x2、家具箱(大)x1" unlockIndex="1032"></item>
    <item index="2022" type="2" period="1" title="「第三十駆逐隊(第一次)」出撃せよ！" content="「第三十駆逐隊(第一次)」を含む艦隊で出撃しキス島沖の主力艦隊と交戦せよ！※「敵キス島包囲艦隊」（3-2ボス戦）に勝利またはC敗北で達成（D敗北は不可）。「第三十駆逐隊(一次)」の4隻（「睦月」「如月」「弥生」「望月」）+他に駆逐艦がいてもOK" awardRanLiao="100" awardDanYao="100" awardGang="100" awardLv="500" awardOther="給糧艦「間宮」×1" unlockIndex="1033"></item>
    <item index="2023" type="2" period="1" title="「航空戦艦」抜錨せよ！" content="航空戦艦2隻を基幹とする艦隊で、西方海域カスガダマ島の敵勢力を撃破せよ！※「敵東方中枢艦隊」（4-4ボス戦）に勝利で達成。航空戦艦2隻+他に艦がいてもOK" awardRanLiao="" awardDanYao="300" awardGang="300" awardLv="900" awardOther="高速修復材x3、家具箱(大)x1" unlockIndex="4010"></item>
    <item index="2024" type="2" period="1" title="「第三十駆逐隊」対潜哨戒！" content="「第三十駆逐隊(第二次)」は直ちに抜錨！鎮守府正面の対潜哨戒を実施せよ！※「敵通商破壊主力艦隊」（1-5ボス戦）に勝利またはC敗北で達成（D敗北は不可）。ルート分岐の関係上、「第三十駆逐隊(第二次)」の4隻（「睦月」「卯月」「弥生」「望月」）のみで出撃する必要がある" awardRanLiao="330" awardDanYao="330" awardGang="330" awardLv="" awardOther="特注家具職人x1" unlockIndex="1034"></item>
    <item index="2025" type="2" period="1" title="新編「第二航空戦隊」出撃せよ！" content="新編「二航戦」を基幹とした艦隊で、珊瑚諸島沖に出撃、敵機動部隊を撃滅せよ！※「敵機動部隊本隊」（5-2ボス戦）にS勝利で達成。「飛龍改二」を旗艦に置いた上で「蒼龍(改二でも可)」+駆逐艦2隻が必要+他に艦がいてもOK" awardRanLiao="" awardDanYao="500" awardGang="" awardLv="500" awardOther="給糧艦「間宮」×1" unlockIndex="1036"></item>
    <item index="2026" type="2" period="1" title="精鋭「第二航空戦隊」抜錨せよ！" content="錬成を終え再編成「二航戦」を基幹とした艦隊で、敵リランカ島を空襲、破砕せよ！※「東方主力艦隊」（4-3ボス戦）にS勝利で達成。「蒼龍改二」を旗艦に置いた上で「飛龍改二」+駆逐艦2隻が必要+他に艦がいてもOK" awardRanLiao="500" awardDanYao="" awardGang="500" awardLv="" awardOther="特注家具職人×1" unlockIndex="1039"></item>
    <item index="2027" type="2" period="1" title="戦艦「榛名」出撃せよ！" content="第二次改装実施した「榛名」を基幹とした艦隊で「南方海域」へ進出、敵艦隊主力を撃滅せよ！※「敵前線司令艦隊」（5-1ボス戦）にS勝利で達成。他に艦がいてもOK、旗艦にする必要なし" awardRanLiao="100" awardDanYao="" awardGang="" awardLv="" awardOther="試製35.6cm三連装砲" unlockIndex="2024"></item>
    <item index="2028" type="2" period="1" title="「第六〇一航空隊」出撃せよ！" content="雲龍型航空母艦「雲龍改」含む機動部隊で珊瑚諸島沖に出撃、敵機動部隊を撃滅せよ！※「敵機動部隊本隊」（5-2ボス戦）にS勝利で達成、旗艦にする必要なし。改造後の雲龍でないと達成不可" awardRanLiao="" awardDanYao="300" awardGang="" awardLv="300" awardOther="家具箱(大)x1、熟練艦載機整備員" unlockIndex="1041"></item>
    <item index="2029" type="2" period="1" title="「軽空母」戦隊、出撃せよ！" content="軽空母1～2隻、軽巡1隻、駆逐艦3～4隻の艦隊でカムラン半島の敵を撃滅せよ！※「敵主力艦隊」（2-1ボス戦）にS勝利で達成。※軽空母、軽巡、駆逐艦以外の艦種を投入すると達成不可" awardRanLiao="" awardDanYao="300" awardGang="" awardLv="300" awardOther="高速修復材x3、応急修理要員x1" unlockIndex="1005"></item>
    <item index="2030" type="2" period="1" title="「水雷戦隊」バシー島沖緊急展開" content="軽巡を旗艦とした水雷戦隊(軽巡最大2隻他駆逐艦)でバシー島沖の敵を撃滅せよ！※「敵通商破壊艦隊」（2-2ボス戦）にS勝利で達成。※軽巡、駆逐艦以外の艦種を投入すると達成不可" awardRanLiao="300" awardDanYao="300" awardGang="" awardLv="" awardOther="家具箱(大)x1、特注家具職人x1" unlockIndex="2006"></item>
    <item index="2031" type="2" period="1" title="「第二戦隊」抜錨！" content="「第二戦隊」を基幹とした艦隊でカレー洋に進出、反復出撃により敵海上兵力を撃破せよ！※「東方主力艦隊」（4-2ボス戦）に2回S勝利で達成。第二戦隊(長門型/扶桑型)の4隻+他に艦がいてもOK" awardRanLiao="" awardDanYao="400" awardGang="" awardLv="" awardOther="一式徹甲弾" unlockIndex="1042"></item>
    <item index="2032" type="2" period="1" title="「戦艦部隊」北方海域に突入せよ！" content="戦艦2隻と直援軽空母1隻(正規空母無し)基幹の艦隊で北方AL海域に突入、敵を撃滅せよ！※「北方増援部隊主力」（3-5ボス戦）にS勝利で達成。戦艦2隻軽空母1隻+他に艦がいてもOK。※正規空母1隻以上、戦艦3隻以上、軽空母2隻以上を投入すると達成不可。※航空戦艦では達成不可。" awardRanLiao="" awardDanYao="500" awardGang="" awardLv="250" awardOther="開発資材x2、一式徹甲弾" unlockIndex="2304"></item>
    <item index="2033" type="2" period="1" title="「西村艦隊」南方海域へ進出せよ！" content="「西村艦隊」を南方海域へ進出させ、敵主力艦隊へ突入、これを撃滅せよ！※「敵前線司令艦隊」（5-1ボス戦）にS勝利で達成。「西村艦隊」の5隻(扶桑/山城/最上/時雨/満潮)+他に艦がいてもOK、旗艦にする必要なし" awardRanLiao="" awardDanYao="" awardGang="500" awardLv="300" awardOther="改修資材x5、勲章x1" unlockIndex="1044"></item>
    <item index="2034" type="2" period="1" title="「第六戦隊」南西海域へ出撃せよ！" content="「古鷹」「加古」「青葉」「衣笠」を基幹とした「第六戦隊」で、沖ノ島沖の敵艦隊を撃滅せよ！※「敵主力艦隊」（2-5ボス戦）にS勝利で達成。「第六戦隊」の4隻（「古鷹」「加古」「青葉」「衣笠」）+他に艦がいてもOK。※古鷹・衣笠は改二でも達成可能" awardRanLiao="" awardDanYao="400" awardGang="" awardLv="400" awardOther="家具箱(大)x1、特注家具職人" unlockIndex="2019"></item>
    <item index="2035" type="2" period="1" title="「第十一駆逐隊」出撃せよ！" content="「第十一駆逐隊」を含む艦隊で出撃し、オリョール海の敵を撃破せよ！※「敵主力打撃群」（2-3ボス戦）に勝利で達成。「第十一駆逐隊」の4隻（「吹雪」「白雪」「初雪」「叢雲」）の4隻+他に艦がいてもOK" awardRanLiao="" awardDanYao="300" awardGang="300" awardLv="" awardOther="給糧艦「間宮」×1" unlockIndex="1047"></item>
    <item index="2036" type="2" period="1" title="「第十一駆逐隊」対潜哨戒！" content="「第十一駆逐隊」を含む艦隊で鎮守府正面へ展開、対潜哨戒を実施せよ！※「敵通商破壊主力艦隊」（1-5ボス戦）に勝利またはC敗北で達成（D敗北は不可）。ルート分岐の関係上、「第十一駆逐隊」の4隻（「吹雪」「白雪」「初雪」「叢雲」）のみで出撃する必要がある" awardRanLiao="400" awardDanYao="" awardGang="" awardLv="200" awardOther="開発資材×2、ソナー三式水中探信儀" unlockIndex="1047"></item>
    <item index="2037" type="2" period="1" title="「第二一駆逐隊」出撃せよ！" content="「第二一駆逐隊」を含む艦隊で出撃し、北方海域モーレイ海の敵を撃滅せよ！※「敵北方侵攻艦隊」（3-1ボス戦）にS勝利で達成。「初春」「子日」「若葉」「初霜」の4隻+他に艦がいてもOK" awardRanLiao="300" awardDanYao="300" awardGang="300" awardLv="" awardOther="プレゼント箱×1" unlockIndex="1048"></item>
    <item index="2038" type="2" period="1" title="「那智戦隊」抜錨せよ！" content="旗艦「那智」及び「初霜」「霞(かすみ)」「潮」「曙」他1隻の艦隊で「敵通商破壊艦隊」（2-2ボス戦）にS勝利で達成" awardRanLiao="600" awardDanYao="300" awardGang="" awardLv="" awardOther="改修資材x2、家具箱(大)x1" unlockIndex="2037,2301"></item>
    <item index="2039" type="2" period="1" title="「第二二駆逐隊」出撃せよ！" content="「第二二駆逐隊」を含む艦隊で南西諸島防衛線に出撃、敵主力艦隊を撃滅せよ！※「敵機動部隊」（1-4ボス戦）にS勝利で達成。第二二駆逐隊の4隻(「皐月」「文月」「長月」+駆逐艦1隻)+他に艦がいてもOK" awardRanLiao="" awardDanYao="" awardGang="" awardLv="400" awardOther="給糧艦「伊良湖」x1、家具箱(中)x1" unlockIndex="1049"></item>
    <item index="2040" type="2" period="1" title="「改装防空重巡」出撃せよ！" content="摩耶改または摩耶改二及び軽巡1駆逐2隻を含む艦隊でオリョール海の敵艦隊を撃滅せよ！※「敵主力打撃群」（2-3ボス戦）にS勝利で達成" awardRanLiao="300" awardDanYao="" awardGang="300" awardLv="" awardOther="25mm三連装機銃、三式弾" unlockIndex="4015"></item>
    <item index="2041" type="2" period="1" title="新編「三川艦隊」ソロモン方面へ！" content="第一艦隊に編成した「三川艦隊」を南方海域に進出させ、同方面の敵艦隊を撃滅せよ！※「敵前線司令艦隊」（5-1ボス戦）にS勝利で達成。鳥海改二の旗艦必須の模様" awardRanLiao="480" awardDanYao="480" awardGang="" awardLv="" awardOther="開発資材x3、改修資材x3" unlockIndex="3005"></item>
    <item index="2042" type="2" period="1" title="「第六駆逐隊」対潜哨戒なのです！" content="「敵通商破壊主力艦隊」（1-5ボス戦）に勝利またはC敗北で達成（D敗北は不可）。ルート分岐の関係上、「第六駆逐隊」の4隻（「暁」「響」「雷」「電」）のみで出撃する必要がある" awardRanLiao="200" awardDanYao="200" awardGang="200" awardLv="" awardOther="開発資材x3、九三式水中聴音機" unlockIndex="1010"></item>
    <item index="2043" type="2" period="1" title="抜錨！「第十八戦隊」" content="「天龍」「龍田」を基幹戦力とした「第十八戦隊」で出撃し、オリョール海の敵主力を撃滅せよ！2-3ボスS勝利で達成。編成任務同様、上記の2隻+他に艦がいてもOK" awardRanLiao="350" awardDanYao="" awardGang="" awardLv="250" awardOther="高速修復材x3、特注家具職人x1" unlockIndex="1051"></item>
    <item index="2044" type="2" period="1" title="海上突入部隊、進発せよ！" content="「比叡」「霧島」「長良」「暁」「雷」「電」の艦隊で、南方海域進出作戦を実施、敵を撃滅せよ！「敵前線司令艦隊」（5-1ボス戦）にS勝利で達成" awardRanLiao="500" awardDanYao="" awardGang="500" awardLv="" awardOther="開発資材x5、改修資材x2" unlockIndex="1052,2209"></item>
    <item index="2045" type="2" period="1" title="「第六駆逐隊」対潜哨戒を徹底なのです！" content="「第六駆逐隊」を含む艦隊で鎮守府正面で対潜哨戒を実施、敵潜水艦部隊を痛打せよ！1-5ボス艦隊A勝利以上(B以下は不可)で達成" awardRanLiao="300" awardDanYao="300" awardGang="" awardLv="" awardOther="改修資材x2、九三式水中聴音機" unlockIndex="1053"></item>
    <item index="2046" type="2" period="1" title="「第一水雷戦隊」ケ号作戦、突入せよ！" content="「敵キス島包囲艦隊」（3-2ボス戦）に勝利で達成。「第一水雷戦隊」の6隻（「阿武隈」を旗艦として「響」「初霜」「若葉」「五月雨」「島風」）" awardRanLiao="" awardDanYao="300" awardGang="" awardLv="400" awardOther="高速修復材x3、特注家具職人x1" unlockIndex="1054"></item>
    <item index="2047" type="2" period="1" title="「第一水雷戦隊」北方ケ号作戦、再突入！" content="「敵キス島包囲艦隊」（3-2ボス戦）に勝利で達成。「阿武隈改二」を旗艦として「響」「夕雲」「長波」「秋雲」「島風」" awardRanLiao="" awardDanYao="400" awardGang="" awardLv="500" awardOther="開発資材x4、改修資材x4" unlockIndex="1055"></item>
    <item index="2048" type="2" period="1" title="鎮守府正面の対潜哨戒を強化せよ！" content="「敵通商破壊主力艦隊」（1-5ボス戦）に4回A勝利以上で達成" awardRanLiao="300" awardDanYao="300" awardGang="" awardLv="0" awardOther="特注家具職人x1" unlockIndex="2101"></item>
    <item index="2049" type="2" period="1" title="「空母機動部隊」北方海域に進出せよ！" content="航空母艦を旗艦とした空母機動部隊を北方AL海域方面に展開、敵戦力を撃滅せよ！※「北方増援部隊主力」（3-5ボス戦）にS勝利で達成。" awardRanLiao="500" awardDanYao="" awardGang="500" awardLv="" awardOther="改修資材x3、戦闘糧食x2" unlockIndex="2032,2108"></item>
    <item index="2050" type="2" period="1" title="「第五航空戦隊」珊瑚諸島沖に出撃せよ！" content="「翔鶴」「瑞鶴」「朧」「秋雲」+自由枠2で「敵機動部隊本隊」(珊瑚諸島沖海戦(5-2)ボス戦)にS勝利で達成。旗艦は任意" awardRanLiao="" awardDanYao="500" awardGang="" awardLv="" awardOther="高速修復材x3、給糧艦「伊良湖」x1" unlockIndex="1056"></item>
    <item index="2051" type="2" period="1" title="新編「第二一戦隊」北方へ出撃せよ！" content="「那智改二」「足柄改二」及び「多摩」「木曾」+自由枠2で「敵北方侵攻艦隊」(モーレイ海(3-1)ボス戦)にS勝利で達成。旗艦は任意" awardRanLiao="300" awardDanYao="300" awardGang="" awardLv="" awardOther="戦闘糧食×1、プレゼント箱×1" unlockIndex="1057"></item>
    <item index="2052" type="2" period="1" title="「第十六戦隊(第一次)」出撃せよ！" content="「足柄」を旗艦として「球磨」「長良」+自由枠3で「敵通商破壊艦隊」(バシー島沖(2-2)ボス戦)にS勝利で達成。" awardRanLiao="200" awardDanYao="" awardGang="200" awardLv="" awardOther="家具箱（中）×1、プレゼント箱×1" unlockIndex="1058"></item>
    <item index="2053" type="2" period="1" title="「第三航空戦隊」南西諸島防衛線に出撃！" content="「瑞鶴改」を旗艦として「千歳」「千代田」「瑞鳳」+自由枠2で「敵機動部隊」(1-4ボス戦)にS勝利で達成。※「千歳」「千代田」は軽空母に改造済みでないと達成不可。" awardRanLiao="0" awardDanYao="0" awardGang="300" awardLv="0" awardOther="高速修復材×2、給糧艦「伊良湖」×1" unlockIndex="1059"></item>
    <item index="2054" type="2" period="1" title="「小沢艦隊」出撃せよ！" content="瑞鶴改」を旗艦として「瑞鳳改」「千歳」「千代田」及び「伊勢改」「日向改」で「敵侵攻中核艦隊」(2-4ボス戦)にS勝利で達成。※「千歳」「千代田」は軽空母に改造済みでないと達成不可。" awardRanLiao="300" awardDanYao="0" awardGang="300" awardLv="300" awardOther="高速修復材×3、零戦52型丙(六〇一空)×1" unlockIndex="1061"></item>
    <item index="2055" type="2" period="1" title="「第十六戦隊(第二次)」出撃せよ！" content="「敵主力打撃群」（2-3ボス戦）にS勝利で達成. 「名取」を旗艦として「五十鈴」「鬼怒」+自由枠3" awardRanLiao="320" awardDanYao="0" awardGang="320" awardLv="0" awardOther="家具箱(大)、給糧艦「間宮」x1" unlockIndex="1063"></item>
    <item index="2056" type="2" period="1" title="  新編成航空戦隊、北方へ進出せよ！" content="空母2隻＋(航空戦艦or航空巡洋艦)2隻＋駆逐艦2隻で「深海棲艦泊地艦隊」（3-3ボス戦）にS勝利で達成" awardRanLiao="0" awardDanYao="400" awardGang="0" awardLv="400" awardOther="改修資材x2、特注家具職人x1" unlockIndex="1064"></item>
    <item index="2057" type="2" period="1" title="「礼号作戦」実施せよ！" content="「敵主力艦隊」（2-5ボス戦）にS勝利で達成. 「霞」を旗艦として「足柄」「大淀」「朝霜」「清霜」+自由枠1" awardRanLiao="300" awardDanYao="700" awardGang="0" awardLv="0" awardOther="改修資材x3、プレゼント箱×1" unlockIndex="1065,2305"></item>
    <item index="2058" type="2" period="1" title="旗艦「霞」北方海域を哨戒せよ！" content="敵北方侵攻艦隊（3-1ボス戦）にB勝利以上で達成. 霞改二（霞改二乙でも可）旗艦・他駆逐3隻+自由枠2" awardRanLiao="300" awardDanYao="0" awardGang="300" awardLv="0" awardOther="13号対空電探改x1、戦闘糧食x1" unlockIndex="1032,3002"></item>
    <item index="2059" type="2" period="1" title="旗艦「霞」出撃！敵艦隊を撃滅せよ！" content="「敵主力艦隊」（2-5ボス戦）にS勝利で達成. 霞改二（霞改二乙でも可）旗艦・他駆逐2隻+自由枠3" awardRanLiao="500" awardDanYao="500" awardGang="0" awardLv="0" awardOther="25mm三連装機銃 集中配備x1、改修資材x3" unlockIndex="4002"></item>
    <item index="2060" type="2" period="1" title="「第三十一戦隊」出撃せよ！" content="1-6を1回クリア(ゴール地点へ向かう)で達成. 「五十鈴改二」旗艦・皐月改二・卯月改+自由枠3" awardRanLiao="0" awardDanYao="0" awardGang="600" awardLv="0" awardOther="改修資材x3、菱餅x1" unlockIndex="1066,7002"></item>
    <item index="2061" type="2" period="1" title="「第二七駆逐隊」出撃せよ！" content="以「白露改」为旗舰，再配置「時雨」「春雨」「五月雨」以及其他任意两艘舰船，击破2-3图BOSS并获得S胜" awardRanLiao="500" awardDanYao="0" awardGang="500" awardLv="0" awardOther="「春の一番」掛け軸x1" unlockIndex="1067"></item>
    <item index="2090" type="2" period="1" title="式の準備！(最終)" content="練度の高い(Lv.90～99)第一艦隊旗艦で出撃し、オリョール海の暁に勝利を刻め！※Lv.90~99の艦娘を第一艦隊旗艦にし東部オリョール海（2-3）のボス艦隊にS勝利で達成。※旗艦Lv100以上は達成不可" awardRanLiao="" awardDanYao="" awardGang="" awardLv="" awardOther="書類一式&amp;指輪×1" unlockIndex="1090"></item>
    <item index="2091" type="2" period="1" title="二人でする初めての任務！" content="強い絆を結んだ艦娘を旗艦とした第1艦隊でリランカ島へ出撃、敵中枢を撃滅せよ！※Lv.100以上の艦娘を第一艦隊旗艦にしリランカ島空襲（4-3）のボス艦隊にS勝利で達成" awardRanLiao="300" awardDanYao="300" awardGang="300" awardLv="300" awardOther="シークレット家具(煎餅布団)" unlockIndex="1091"></item>



    <item index="2101" type="2" period="2" title="敵艦隊を撃破せよ！" content="艦隊を出撃させ、敵艦隊を捕捉、これを撃滅せよ！※どこでも一勝で達成" awardRanLiao="50" awardDanYao="50" awardGang="" awardLv="" awardOther="開発資材x1" unlockIndex="2004"></item>
    <item index="2102" type="2" period="2" title="敵艦隊主力を撃滅せよ！" content="艦隊を出撃させ、敵艦隊「主力」を捕捉！これを撃滅せよ！※現状、どこでも一戦するだけで達成。" awardRanLiao="50" awardDanYao="50" awardGang="50" awardLv="50" awardOther="高速修復材x1、開発資材x1" unlockIndex="2101"></item>
    <item index="2103" type="2" period="2" title="敵艦隊を10回邀撃せよ！" content="艦隊全力出撃！遊弋する敵艦隊を10回邀撃せよ！※戦闘10回で達成" awardRanLiao="150" awardDanYao="150" awardGang="200" awardLv="100" awardOther="開発資材x1" unlockIndex="2102"></item>
    <item index="2104" type="2" period="2" title="敵空母を3隻撃沈せよ！" content="艦隊の脅威となる敵空母群。これを捕捉撃滅し、3隻轟沈せよ！" awardRanLiao="150" awardDanYao="150" awardGang="150" awardLv="300" awardOther="高速修復材x2" unlockIndex="2101"></item>
    <item index="2105" type="2" period="2" title="敵補給艦を3隻撃沈せよ！" content="艦隊を出撃させ、敵補給艦を捕捉、これを撃滅せよ！" awardRanLiao="100" awardDanYao="50" awardGang="200" awardLv="50" awardOther="高速修復材x1、開発資材x1" unlockIndex="2102"></item>
    <item index="2106" type="2" period="2" title="敵輸送船団を叩け！" content="敵の輸送船5隻以上を撃沈し、敵の補給路を寸断せよ！※輸送船と補給艦は同じ扱い" awardRanLiao="" awardDanYao="200" awardGang="" awardLv="" awardOther="開発資材x2" unlockIndex="2101"></item>
    <item index="2107" type="2" period="2" title="南西諸島海域の制海権を握れ！" content="艦隊を南西諸島海域に全力出撃させ、多数の敵艦隊「主力」群を捕捉、撃滅せよ！※南西諸島海域（2-1～2-5）のボス艦隊に5回勝利で達成" awardRanLiao="300" awardDanYao="" awardGang="" awardLv="200" awardOther="高速建造材x1、高速修復材x1" unlockIndex="2105"></item>
    <item index="2108" type="2" period="2" title="敵潜水艦を制圧せよ！" content="潜水艦6隻撃沈で達成" awardRanLiao="300" awardDanYao="30" awardGang="300" awardLv="30" awardOther="高速修復材x1" unlockIndex="2107"></item>



    <item index="2201" type="2" period="3" title="あ号作戦" content="出撃36回・S勝利6回・ボス到達24回・ボス戦勝利12回の全条件を満たすことで達成" awardRanLiao="300" awardDanYao="300" awardGang="300" awardLv="100" awardOther="高速建造材x2、開発資材x2" unlockIndex="2102"></item>
    <item index="2202" type="2" period="3" title="い号作戦" content="敵空母（軽空母でも可）20隻撃沈で達成" awardRanLiao="" awardDanYao="500" awardGang="" awardLv="500" awardOther="開発資材x2" unlockIndex="2105"></item>
    <item index="2203" type="2" period="3" title="海上通商破壊作戦" content="1週間で敵輸送船を20隻以上撃沈せよ！" awardRanLiao="500" awardDanYao="" awardGang="400" awardLv="" awardOther="開発資材x3" unlockIndex="2102"></item>
    <item index="2204" type="2" period="3" title="ろ号作戦" content="補給艦50隻撃沈で達成" awardRanLiao="400" awardDanYao="" awardGang="800" awardLv="" awardOther="高速修復材x3" unlockIndex="2201"></item>
    <item index="2205" type="2" period="3" title="海上護衛戦" content="潜水艦15隻撃沈で達成" awardRanLiao="600" awardDanYao="" awardGang="" awardLv="" awardOther="高速修復材x2、改修資材x1" unlockIndex="2202"></item>
    <item index="2206" type="2" period="3" title="敵東方艦隊を撃滅せよ！" content="西方海域（4-1～4-5）のボス艦隊に12回勝利で達成" awardRanLiao="400" awardDanYao="" awardGang="" awardLv="700" awardOther="開発資材x2" unlockIndex="2205"></item>
    <item index="2207" type="2" period="3" title="敵北方艦隊主力を撃滅せよ！" content="アルフォンシーノ方面（3-3） or 北方海域全域（3-4）or 北方AL海域（3-5）のボス艦隊に5回勝利で達成" awardRanLiao="300" awardDanYao="300" awardGang="400" awardLv="300" awardOther="開発資材x3、改修資材x3" unlockIndex="2205"></item>
    <item index="2208" type="2" period="3" title="敵東方中枢艦隊を撃破せよ！" content="カスガダマ島沖（4-4）のボス艦隊に1回勝利で達成" awardRanLiao="500" awardDanYao="" awardGang="500" awardLv="" awardOther="高速修復材x1、開発資材x1" unlockIndex="2206"></item>
    <item index="2209" type="2" period="3" title="南方海域珊瑚諸島沖の制空権を握れ！" content="珊瑚諸島沖海戦(5-2)のボス艦隊に2回S勝利で達成" awardRanLiao="" awardDanYao="300" awardGang="" awardLv="800" awardOther="開発資材x2、改修資材x2" unlockIndex="2208"></item>
    <item index="2210" type="2" period="3" title="海上輸送路の安全確保に努めよ！" content="「敵通商破壊主力艦隊」（1-5ボス戦）に3回A勝利以上で達成" awardRanLiao="100" awardDanYao="" awardGang="" awardLv="" awardOther="改修資材x3" unlockIndex="1045,2204"></item>



    <item index="2301" type="2" period="4" title="「第五戦隊」出撃せよ！" content="「敵主力艦隊」（2-5ボス戦）にS勝利で達成。「第五戦隊」の3隻（「妙高」「那智」「羽黒」）+他に艦がいてもOK" awardRanLiao="" awardDanYao="550" awardGang="550" awardLv="" awardOther="開発資材x5、家具箱(大)x1" unlockIndex="1035"></item>
    <item index="2302" type="2" period="4" title="「潜水艦隊」出撃せよ！" content="「敵回航中空母」（6-1ボス戦）に3回S勝利で達成" awardRanLiao="" awardDanYao="600" awardGang="" awardLv="" awardOther="家具箱(大)x1、給糧艦「伊良湖」×1" unlockIndex="2030"></item>
    <item index="2303" type="2" period="4" title="「水雷戦隊」南西へ！" content="「敵主力艦隊」（1-4ボス戦）にS勝利で達成。軽巡は3隻まで。必ず軽巡を旗艦にすること。※軽巡、駆逐艦以外の艦種を投入すると達成不可" awardRanLiao="500" awardDanYao="" awardGang="" awardLv="300" awardOther="改修資材x3、給糧艦「伊良湖」x1" unlockIndex="2204"></item>
    <item index="2304" type="2" period="4" title="「水上打撃部隊」南方へ！" content="「敵前線司令艦隊」（5-1ボス戦）にS勝利で達成。低速戦艦3隻+軽巡1隻+他に艦がいてもOK。ここでの戦艦は編成任務と同様に低速戦艦に限られる。航空戦艦でもよい。過不足なく3隻であること。高速戦艦（金剛型）は含まれないことに注意。" awardRanLiao="350" awardDanYao="400" awardGang="350" awardLv="" awardOther="高速修復材x3、改修資材x4" unlockIndex="1043"></item>
    <item index="2305" type="2" period="4" title="海上護衛強化月間" content="「敵通商破壊主力艦隊」（1-5ボス戦）に10回A勝利以上で達成" awardRanLiao="800" awardDanYao="" awardGang="" awardLv="" awardOther="開発資材x5、改修資材x3" unlockIndex="2301,2021"></item>
    <item index="2306" type="2" period="4" title="「空母機動部隊」西へ！" content="「東方主力艦隊」（4-2ボス戦）にS勝利で達成。空母2隻+駆逐2隻+他に艦がいてもOK。空母は正規空母・軽空母いずれでも可" awardRanLiao="" awardDanYao="" awardGang="600" awardLv="800" awardOther="改修資材x2、家具箱(大)x2" unlockIndex="2204,2020"></item>
    <item index="2307" type="2" period="4" title="「水上反撃部隊」突入せよ！" content="駆逐艦を旗艦とした重巡1隻*2軽巡1隻駆逐艦4隻からなる水上挺身部隊、沖ノ島沖に突入せよ！※「敵主力艦隊」（2-5ボス戦）にS勝利で達成*3。「霞」「足柄」を編成に含めなくても良い" awardRanLiao="" awardDanYao="600" awardGang="" awardLv="200" awardOther="開発資材x4、改修資材x2" unlockIndex="1046,2306"></item>



    <item index="2406" type="2" period="1" title="桃の節句：「菱餅」を集めよう！" content="出撃により特定海域の敵艦隊を撃破して「菱餅」を3つ集めよう！" awardDanYao="330" awardGang="330" awardOther="家具箱(大)x1、特注家具職人x1" unlockIndex="2006"></item>
    <item index="2407" type="2" period="1" title="桃の節句：「菱餅」を沢山集めるのです！" content="結構大変だけれど、敵艦隊を撃破して「菱餅」を10個集めるのです！" awardDanYao="880" awardGang="880" awardOther="給糧艦「間宮」x1、水上艦要員熟練見張員" unlockIndex="2406"></item>
    <item index="2413" type="2" period="1" title="秋刀魚漁：「秋刀魚」を収穫しよう！" content="近海及び北方海域の漁場に展開する敵艦隊を撃破して、「秋刀魚」を3尾入手せよ！" awardRanLiao="300" awardOther="九三式水中聴音機x1、特注家具職人x1" unlockIndex=""></item>
    <item index="2414" type="2" period="1" title="秋刀魚漁：「秋刀魚」をもっと収穫しなきゃ！" content="ちょっと大変だけれど、。漁場の安全を確保して「秋刀魚」を10尾確保しなきゃ駄目よ！" awardRanLiao="550" awardOther="三式水中探信儀x1、給糧艦「伊良湖」x3" unlockIndex="2413"></item>
    <item index="2415" type="2" period="1" title="秋刀魚漁：もっと頑張ってもいいのよ！" content="かなり大変だけれど、秋刀魚漁、もっともっと頑張ってもいいのよ！※30尾所持で達成可能" awardRanLiao="800" awardDanYao="300" awardGang="300" awardLv="300" awardOther="" unlockIndex="2414"></item>
    <item index="2418" type="2" period="1" title="謹賀新年！「水雷戦隊」出撃始め！" content="「敵主力艦隊」(1-3ボス戦)にS勝利で達成. 軽巡1固定(旗艦じゃなくても良い)+駆逐3隻~5隻. 軽巡2隻以上、軽巡・駆逐以外の艦種を入れると不可" awardRanLiao="2016" awardDanYao="" awardGang="" awardLv="" awardOther="応急修理女神x1" unlockIndex="2101"></item>
    <item index="2419" type="2" period="1" title="新年の「伊良湖」のお手伝い！" content="「敵主力打撃群」(2-3ボス戦)に3回S勝利で達成" awardRanLiao="" awardDanYao="2016" awardGang="" awardLv="" awardOther="高速修復材x2、給糧艦「伊良湖」x2" unlockIndex="2418"></item>
    <item index="2420" type="2" period="1" title="漲る戦艦魂！大艦巨砲なお正月！" content="「東方主力艦隊」(4-2ボス戦)に2回S勝利で達成. 戦艦4+自由枠2、戦艦は航戦でも可" awardRanLiao="" awardDanYao="" awardGang="2016" awardLv="" awardOther="改修資材x3、一式徹甲弾" unlockIndex="2419"></item>
    <item index="2421" type="2" period="1" title="迎春！「機動部隊」抜錨せよ！" content="「敵攻略部隊本体」(6-2ボス戦)に2回S勝利で達成. 空母2+自由枠4、軽空でも可かは未確認" awardRanLiao="" awardDanYao="" awardGang="" awardLv="2016" awardOther="開発資材x4、熟練搭乗員x1" unlockIndex="2420"></item>




    <item index="3001" type="3" period="1" title="はじめての「演習」！" content="他の提督(プレイヤー)の艦隊と「演習」を行おう！" awardRanLiao="10" awardDanYao="10" awardGang="" awardLv="" awardOther="開発資材x1" unlockIndex=""></item>
    <item index="3002" type="3" period="2" title="「演習」で練度向上！" content="本日中に他の司令官の艦隊に対して3回「演習」を挑もう！" awardRanLiao="50" awardDanYao="" awardGang="50" awardLv="" awardOther="高速建造材x1" unlockIndex=""></item>
    <item index="3003" type="3" period="2" title="「演習」で他提督を圧倒せよ！" content="本日中に他の司令官の艦隊との「演習」で5回以上「勝利」をおさめよう！※B勝利以上を5回で達成" awardRanLiao="" awardDanYao="50" awardGang="" awardLv="50" awardOther="開発資材x1" unlockIndex="3002"></item>
    <item index="3004" type="3" period="3" title="大規模演習" content="今週中に「演習」で他の提督の艦隊に対して20回「勝利」しよう！※B勝利以上を20回で達成" awardRanLiao="200" awardDanYao="200" awardGang="200" awardLv="200" awardOther="開発資材x2、改修資材x1" unlockIndex="3002"></item>
    <item index="3005" type="3" period="1" title="艦隊の練度向上に努めよ！" content="当日中に演習3回勝利で達成。なお演習5回勝利任務で勝利しているとその分がカウントされている模様（最大2勝分）。ただし任務受諾後に最低1回は勝利しないといけない（受諾なしで3回以上勝利していると80%表示止まりとなる）。" awardRanLiao="" awardDanYao="" awardGang="300" awardLv="300" awardOther="高速修復材x2" unlockIndex="1050"></item>
    <item index="3006" type="3" period="1" title="演習を強化、艦隊の練度向上に努めよ！" content="艦隊のさらなる練度向上を図る！本日中に「演習」で4回以上「勝利」をおさめよう！" awardRanLiao="" awardDanYao="300" awardGang="" awardLv="" awardOther="高速修復材x2、改修資材x1" unlockIndex="4017"></item>
    <item index="3007" type="3" period="1" title="北方再突入に備え、練度向上に努めよ！" content="艦隊再突入に備え、艦隊練度向上を図る！本日中に「演習」で4回以上「勝利」せよ！" awardRanLiao="300" awardDanYao="" awardGang="" awardLv="" awardOther="高速修復材x2、改修資材x1" unlockIndex="2046"></item>
    <item index="3008" type="3" period="4" title="精鋭艦隊演習" content="1日(5時~翌5時)のうちにB勝利以上を7回で達成。" awardRanLiao="" awardDanYao="400" awardGang="" awardLv="200" awardOther="高速修復材x2、戦闘糧食x1" unlockIndex="2101"></item>
    <item index="3090" type="3" period="1" title="式の準備！(その弐)" content="本日中に「演習」で2回以上勝利をおさめ、式への気持ちを整理しよう！" awardRanLiao="" awardDanYao="" awardGang="88" awardLv="88" awardOther="開発資材×1" unlockIndex="6090"></item>



    <item index="4001" type="4" period="1" title="はじめての「遠征」！" content="艦隊を「遠征」に出発させよう！" awardRanLiao="30" awardDanYao="30" awardGang="30" awardLv="30" awardOther="家具箱(小)x1" unlockIndex="1005"></item>
    <item index="4002" type="4" period="2" title="「遠征」を3回成功させよう！" content="本日中に「遠征」を3回成功させよう！" awardRanLiao="100" awardDanYao="100" awardGang="100" awardLv="100" awardOther="開発資材x1" unlockIndex=""></item>
    <item index="4003" type="4" period="2" title="「遠征」を10回成功させよう！" content="本日中に「遠征」を10回成功させよう！" awardRanLiao="150" awardDanYao="300" awardGang="300" awardLv="150" awardOther="家具箱(小)x1、家具箱(中)x1　" unlockIndex="4002"></item>
    <item index="4004" type="4" period="3" title="大規模遠征作戦、発令！" content="今週中に「遠征」30回成功させよう！" awardRanLiao="300" awardDanYao="500" awardGang="500" awardLv="300" awardOther="開発資材x3、家具箱(大)x1" unlockIndex=""></item>
    <item index="4005" type="4" period="1" title="第一次潜水艦派遣作戦" content="遠征の「潜水艦派遣作戦」成功で達成" awardRanLiao="" awardDanYao="" awardGang="10" awardLv="10" awardOther="応急修理要員x1" unlockIndex="1027"></item>
    <item index="4006" type="4" period="1" title="第二次潜水艦派遣作戦" content="遠征の「潜水艦派遣作戦」成功で達成" awardRanLiao="" awardDanYao="" awardGang="10" awardLv="10" awardOther="艦上爆撃機Ju87C改" unlockIndex="4005"></item>
    <item index="4007" type="4" period="1" title="潜水艦派遣作戦による技術入手の継続！" content="遠征の「潜水艦派遣作戦」を2回成功で達成" awardRanLiao="" awardDanYao="" awardGang="" awardLv="800" awardOther="艦上爆撃機Ju87C改、特注家具職人x1" unlockIndex="4006"></item>
    <item index="4008" type="4" period="1" title="潜水艦派遣による海外艦との接触作戦" content="遠征の「海外艦との接触」成功で達成" awardRanLiao="" awardDanYao="100" awardGang="" awardLv="" awardOther="駆逐艦Z1" unlockIndex="4007"></item>
    <item index="4009" type="4" period="3" title="南方への輸送作戦を成功させよ！" content="遠征の「東京急行」または「東京急行(弐)」成功で達成" awardRanLiao="150" awardDanYao="" awardGang="" awardLv="" awardOther="家具箱(小)x1" unlockIndex="1030"></item>
    <item index="4010" type="4" period="1" title="航空火力艦の運用を強化せよ！" content="遠征の「航空戦艦運用演習」成功で達成" awardRanLiao="" awardDanYao="" awardGang="" awardLv="100" awardOther="水上爆撃機瑞雲(六三四空)" unlockIndex="2020"></item>
    <item index="4011" type="4" period="3" title="南方への鼠輸送を継続実施せよ!" content="遠征の「東京急行」または「東京急行(弐)」を6回成功で達成" awardRanLiao="400" awardDanYao="" awardGang="" awardLv="400" awardOther="開発資材x2、改修資材x1" unlockIndex="4009"></item>
    <item index="4012" type="4" period="1" title="(続)航空火力艦の運用を強化せよ！" content="遠征の「航空戦艦運用演習」を3回（D10と合わせて計4回）成功で達成" awardRanLiao="" awardDanYao="" awardGang="" awardLv="200" awardOther="水上爆撃機瑞雲(六三四空)" unlockIndex="4010"></item>
    <item index="4013" type="4" period="1" title="遠洋潜水艦作戦を実施せよ！" content="遠征の「遠洋潜水艦作戦」成功で達成" awardRanLiao="" awardDanYao="200" awardGang="" awardLv="" awardOther="潜水艦魚雷潜水艦53cm艦首魚雷(8門)" unlockIndex="1037"></item>
    <item index="4014" type="4" period="1" title="遠洋潜水艦作戦の成果を拡大せよ！" content="遠征の「遠洋潜水艦作戦」2回成功で達成" awardRanLiao="" awardDanYao="400" awardGang="" awardLv="" awardOther="潜水艦魚雷潜水艦53cm艦首魚雷(8門)" unlockIndex="4013"></item>
    <item index="4015" type="4" period="1" title="防空射撃演習を実施せよ！" content="遠征の「防空射撃演習」3回成功で達成" awardRanLiao="" awardDanYao="200" awardGang="" awardLv="200" awardOther="25mm三連装機銃、開発資材x2" unlockIndex="2007"></item>
    <item index="4016" type="4" period="1" title="「囮機動部隊支援作戦を実施せよ！」" content="遠征の「囮機動部隊支援作戦」1回成功で達成" awardRanLiao="400" awardDanYao="" awardGang="" awardLv="400" awardOther="91式高射装置、開発資材x2" unlockIndex="2040"></item>
    <item index="4017" type="4" period="1" title="観艦式予行を実施せよ！" content="遠征の「観艦式予行」2回成功で達成" awardRanLiao="150" awardDanYao="" awardGang="" awardLv="150" awardOther="開発資材x3" unlockIndex="1035"></item>
    <item index="4018" type="4" period="1" title="観艦式を敢行せよ！" content="遠征の「観艦式」1回成功で達成" awardRanLiao="300" awardDanYao="300" awardGang="300" awardLv="" awardOther="改修資材x1、司令部要員x1" unlockIndex="3006"></item>
    <item index="4019" type="4" period="1" title="機動部隊の運用を強化せよ！" content="遠征の「MO作戦」または「敵母港空襲作戦」をそれぞれ1回ずつ成功で達成" awardRanLiao="200" awardDanYao="200" awardGang="400" awardLv="" awardOther="改修資材x2、家具箱(大)x1" unlockIndex="2050,4009"></item>



    <item index="5001" type="5" period="1" title="はじめての「補給」！" content="補給は大事です！燃料・弾薬を艦に「補給」しよう！" awardRanLiao="20" awardDanYao="20" awardGang="" awardLv="" awardOther="高速修復材x1" unlockIndex="2002"></item>
    <item index="5002" type="5" period="1" title="はじめての「入渠」！" content="戦闘で傷ついた艦を「入渠」させて修理して、次の出撃に備えよう！" awardRanLiao="" awardDanYao="" awardGang="30" awardLv="" awardOther="開発資材x1" unlockIndex="2002"></item>
    <item index="5003" type="5" period="2" title="艦隊大整備！" content="各艦隊から整備が必要な艦を5隻以上ドック入りさせ、大規模な整備をしよう！" awardRanLiao="30" awardDanYao="30" awardGang="30" awardLv="30" awardOther="高速修復材x2" unlockIndex=""></item>
    <item index="5004" type="5" period="2" title="艦隊酒保祭り！" content="艦隊酒保祭り！各艦に延べ15回以上の補給を実施しよう！" awardRanLiao="50" awardDanYao="50" awardGang="50" awardLv="50" awardOther="開発資材x1、高速建造材x1" unlockIndex="5003"></item>



    <item index="6001" type="6" period="1" title="はじめての「建造」！" content="「工廠」で鋼材などの資材を使って新しい艦を「建造」しよう！" awardRanLiao="50" awardDanYao="50" awardGang="50" awardLv="50" awardOther="開発資材x1" unlockIndex=""></item>
    <item index="6002" type="6" period="1" title="はじめての「開発」！" content="「工廠」でボーキサイトなどの資材を使って新しい装備アイテムを「開発」しよう！" awardRanLiao="100" awardDanYao="100" awardGang="100" awardLv="100" awardOther="開発資材x1" unlockIndex=""></item>
    <item index="6003" type="6" period="1" title="はじめての「解体」！" content="「工廠」で不要な艦を「解体」してみよう！" awardRanLiao="60" awardDanYao="60" awardGang="60" awardLv="60" awardOther="高速建造材x1、開発資材x1" unlockIndex=""></item>
    <item index="6004" type="6" period="1" title="はじめての「廃棄」！" content="「工廠」で不要な装備アイテムを「廃棄」してみよう！" awardRanLiao="80" awardDanYao="80" awardGang="80" awardLv="80" awardOther="高速修復材x1、開発資材x1" unlockIndex=""></item>
    <item index="6005" type="6" period="2" title="新装備「開発」指令" content="「工廠」で装備アイテムを新たに「開発」しよう(失敗もOK)！" awardRanLiao="40" awardDanYao="40" awardGang="40" awardLv="40" awardOther="高速建造材x1、開発資材x1" unlockIndex=""></item>
    <item index="6006" type="6" period="2" title="新造艦「建造」指令" content="「工廠」で艦娘を本日中に新たに「建造」しよう！" awardRanLiao="50" awardDanYao="50" awardGang="50" awardLv="50" awardOther="高速修復材x1、開発資材x1" unlockIndex="6005"></item>
    <item index="6007" type="6" period="2" title="装備「開発」集中強化！" content="「工廠」で装備アイテムを本日中に新たに3回「開発」しよう(失敗もOK)！" awardRanLiao="100" awardDanYao="100" awardGang="100" awardLv="100" awardOther="開発資材x2" unlockIndex="6006"></item>
    <item index="6008" type="6" period="2" title="艦娘「建造」艦隊強化！" content="艦隊強化のため、「工廠」で艦娘を本日中に新たに3隻「建造」しよう！" awardRanLiao="200" awardDanYao="200" awardGang="300" awardLv="100" awardOther="高速建造材x1、開発資材x2" unlockIndex="6007"></item>
    <item index="6009" type="6" period="2" title="軍縮条約対応！" content="少し艦隊規模が大きくなりすぎました！「工廠」で不要な艦を2隻「解体」してください！" awardRanLiao="" awardDanYao="" awardGang="" awardLv="50" awardOther="高速修復材x1" unlockIndex="6008"></item>
    <item index="6010" type="6" period="1" title="「大型艦建造」の準備！(その弐)" content="大型艦建造の準備をします！「工廠」で装備アイテムを4回「廃棄」してみてください！" awardRanLiao="800" awardDanYao="800" awardGang="" awardLv="" awardOther="「大型艦建造」解放" unlockIndex="7004"></item>
    <item index="6011" type="6" period="1" title="輸送用ドラム缶の準備" content="「工廠」で装備アイテムを3回「廃棄」して、輸送用ドラム缶を準備します。" awardRanLiao="" awardDanYao="" awardGang="30" awardLv="" awardOther="簡易輸送部材ドラム缶(輸送用)x3" unlockIndex=""></item>
    <item index="6012" type="6" period="3" title="資源の再利用" content="廃棄24回で達成" awardRanLiao="" awardDanYao="" awardGang="100" awardLv="" awardOther="簡易輸送部材ドラム缶(輸送用)x1" unlockIndex="2205"></item>
    <item index="6013" type="6" period="1" title="機種転換" content="「九七式艦攻(友永隊)」搭載空母を秘書艦にした状態で新たに「天山」を2つ廃棄！" awardRanLiao="" awardDanYao="" awardGang="" awardLv="50" awardOther="天山一二型(友永隊)" unlockIndex="2025"></item>
    <item index="6014" type="6" period="1" title="機種転換" content="「九九式艦爆(江草隊)」搭載空母を秘書艦にした状態で新たに「彗星」を2つ廃棄！" awardRanLiao="" awardDanYao="" awardGang="" awardLv="50" awardOther="彗星(江草隊)" unlockIndex="2025"></item>
    <item index="6015" type="6" period="1" title="機種転換" content="「零戦52型丙(六〇一空)」搭載空母を秘書艦にした状態で新たに「烈風」を2つ廃棄！" awardRanLiao="" awardDanYao="" awardGang="" awardLv="50" awardOther="烈風(六〇一空)" unlockIndex="2028"></item>
    <item index="6016" type="6" period="1" title="「伊良湖」の準備" content="廃棄10個で達成" awardRanLiao="100" awardDanYao="" awardGang="" awardLv="" awardOther="給糧艦「伊良湖」x4" unlockIndex="6008"></item>
    <item index="6017" type="6" period="1" title="はじめての「装備改修」！" content="「改修工廠」で「装備」を改修してみましょう！明石さん、お願いします！" awardRanLiao="" awardDanYao="" awardGang="100" awardLv="" awardOther="改修資材x7" unlockIndex="1045"></item>
    <item index="6018" type="6" period="2" title="装備の改修強化" content="改修工廠1回実施で達成、失敗でも達成可" awardRanLiao="" awardDanYao="50" awardGang="" awardLv="" awardOther="改修資材x1" unlockIndex="6008,6017"></item>
    <item index="6019" type="6" period="1" title="精鋭「九七式艦攻」部隊の編成" content="「翔鶴」または「赤城」を秘書艦にした状態で新たに「九七式艦攻」を3つ破棄！" awardRanLiao="" awardDanYao="" awardGang="" awardLv="50" awardOther="九七式艦攻(村田隊)" unlockIndex="2050"></item>
    <item index="6020" type="6" period="1" title="機種転換" content="「九七式艦攻(村田隊)」搭載「翔鶴」を秘書艦にして、新たに「天山」を2つ廃棄！" awardRanLiao="" awardDanYao="" awardGang="" awardLv="50" awardOther="天山一二型(村田隊)" unlockIndex="2050"></item>
    <item index="6021" type="6" period="1" title="試作艤装の準備" content="「工廠」で装備アイテムを7つ「廃棄」して、「試製甲板カタパルト」を準備します。" awardRanLiao="" awardDanYao="" awardGang="100" awardLv="" awardOther="試製甲板カタパルト×1" unlockIndex="4019"></item>
    <item index="6022" type="6" period="4" title="精鋭「艦戦」隊の新編成" content="要熟練搭乗員：練度max「零戦21型」搭載「鳳翔」秘書艦で「零戦21型」×2「九六艦戦」×1廃棄！※A59の報酬アイテム「熟練搭乗員」がいないと達成不可。任務達成時に「熟練搭乗員」を1個消費" awardRanLiao="" awardDanYao="" awardGang="" awardLv="50" awardOther="零式艦戦21型(熟練)×1" unlockIndex=""></item>
    <item index="6023" type="6" period="1" title="試製航空艤装の追加試作" content="廃棄9個で達成" awardRanLiao="" awardDanYao="" awardGang="100" awardLv="50" awardOther="試製甲板カタパルト×1" unlockIndex="2054"></item>
    <item index="6024" type="6" period="1" title="機種転換" content="「零戦21型(熟練)」搭載空母を秘書艦にして、新たに「零戦52型」を2つ廃棄！※機種転換(F25)と非常に紛らわしいため注意。" awardRanLiao="" awardDanYao="" awardGang="" awardLv="50" awardOther="零式艦戦52型(熟練)×1" unlockIndex="6022"></item>
    <item index="6025" type="6" period="4" title="機種転換" content="練度max「零戦21型(熟練)」搭載空母を秘書艦にして、新たに「零戦52型」を2つ廃棄！※機種転換(F24)と非常に紛らわしいため注意。" awardRanLiao="" awardDanYao="" awardGang="" awardLv="50" awardOther="零式艦戦52型(熟練)×1" unlockIndex="6024"></item>
    <item index="6026" type="6" period="1" title="「艦戦」隊の再編成" content="練度max「零戦52型(熟練)」搭載「瑞鶴」が秘書艦で「零戦52型丙(六〇一空)」を廃棄！" awardRanLiao="" awardDanYao="" awardGang="" awardLv="50" awardOther="零式艦戦52型丙(付岩井小隊)×1" unlockIndex="6024"></item>
    <item index="6027" type="6" period="1" title="機種転換＆部隊再編" content="練度max「零戦52型丙(付岩井小隊)」搭載瑞鶴秘書艦で「零戦62型(爆戦)」を2つ廃棄！" awardRanLiao="" awardDanYao="" awardGang="" awardLv="50" awardOther="零式艦戦62型(爆戦／岩井隊)×1" unlockIndex="6026"></item>
    <item index="6028" type="6" period="1" title="「艦戦」隊の再編成" content="練度max「零戦21型(熟練)」搭載「瑞鶴」が秘書の状態で「零戦21型」を2つ廃棄！" awardRanLiao="" awardDanYao="" awardGang="" awardLv="50" awardOther="零式艦戦21型(付岩本小隊)×1" unlockIndex="6022"></item>
    <item index="6029" type="6" period="1" title="機種転換" content="練度max「零戦21型(付岩本小隊)」搭載「瑞鶴」秘書艦で「零戦52型」を2つ廃棄！" awardRanLiao="" awardDanYao="" awardGang="" awardLv="50" awardOther="零式艦戦52型甲(付岩本小隊)×1" unlockIndex="6028"></item>
    <item index="6030" type="6" period="1" title="機種転換＆部隊再編" content="部隊を再編する！練度max「零戦52型甲(付岩本小隊)」搭載「瑞鶴」秘書艦で、「彩雲」を2つ廃棄！" awardRanLiao="" awardDanYao="" awardGang="" awardLv="50" awardOther="零式艦戦53型(岩本隊)×1" unlockIndex="1062"></item>
    <item index="6090" type="6" period="1" title="式の準備！(その壱)" content="式の準備をします！「工廠」で装備アイテムを2回「廃棄」して身の回りの整理を！" awardRanLiao="88" awardDanYao="88" awardGang="" awardLv="" awardOther="開発資材×1" unlockIndex="1016"></item>



    <item index="7001" type="7" period="1" title="はじめての「近代化改修」！" content="任意の艦を近代化改修(合成)して、強化せよ！" awardRanLiao="" awardDanYao="" awardGang="50" awardLv="50" awardOther="開発資材x1" unlockIndex=""></item>
    <item index="7002" type="7" period="2" title="艦の「近代化改修」を実施せよ！" content="近代化改修を実施して、2回以上これを成功させよ！" awardRanLiao="20" awardDanYao="20" awardGang="50" awardLv="" awardOther="高速修復材x1" unlockIndex=""></item>
    <item index="7003" type="7" period="3" title="「近代化改修」を進め、戦備を整えよ！" content="一週間の間に、近代化改修を15回成功させよ！" awardRanLiao="200" awardDanYao="200" awardGang="300" awardLv="100" awardOther="高速建造材x1、開発資材x2" unlockIndex="7002"></item>
    <item index="7004" type="7" period="1" title="「大型艦建造」の準備！(その壱)" content="大型艦/新型艦建造のため準備を行う。任意の艦で近代化改修を4回成功させよ！" awardRanLiao="" awardDanYao="" awardGang="400" awardLv="400" awardOther="開発資材x1" unlockIndex="1014"></item>



    <item index="31001" type="2" period="1" title="第二次SN作戦、初動作戦完了！" content="ソロモン海域前方に展開した敵戦力を粉砕して、初動作戦を完遂せよ！※E-2ゲージ破壊で達成。" awardRanLiao="250" awardDanYao="" awardGang="250" awardLv="" awardOther="戦闘糧食x1、プレゼント箱x1" unlockIndex=""></item>
    <item index="31002" type="6" period="1" title="「工廠」倉庫の整理整頓！" content="装備を5つ廃棄で達成。まとめて複数廃棄しても可。" awardRanLiao="100" awardDanYao="100" awardGang="100" awardLv="100" awardOther="開発資材x2、戦闘糧食x1" unlockIndex="31001"></item>
    <item index="31003" type="2" period="1" title="主力機動部隊の前路哨戒を実施せよ！" content="潜水艦6隻撃沈で達成" awardRanLiao="" awardDanYao="250" awardGang="" awardLv="250" awardOther="イベント海域『激突！第二次南太平洋海戦』南太平洋海域 開放" unlockIndex="31002"></item>
    <item index="31004" type="1" period="1" title="「赤城」に艦攻「村田隊」を配属せよ！" content="秘書艦を航空母艦「赤城」とし、同艦に艦攻「村田隊」を配属せよ！" awardRanLiao="" awardDanYao="" awardGang="" awardLv="50" awardOther="戦闘糧食x2、給糧艦「間宮」x1" unlockIndex="31003"></item>
    <item index="31005" type="2" period="1" title="ソロモン海方面の制空権を奪え！" content="ソロモン海方面の制空権を制する敵飛行場近海に我が挺身部隊を突入、これを破砕せよ！※E4ゲージ破壊で達成。" awardRanLiao="400" awardDanYao="" awardGang="400" awardLv="" awardOther="高速修復材x3、改修資材x3" unlockIndex="31003"></item>
    <item index="31006" type="1" period="1" title="「翔鶴」に艦攻「村田隊」を配置転換せよ！" content="秘書艦を航空母艦「翔鶴」とし、同艦に艦攻「村田隊」を配属転換せよ！" awardRanLiao="" awardDanYao="" awardGang="" awardLv="50" awardOther="高速修復剤×3、改修資材×3" unlockIndex="31005"></item>
    <item index="31007" type="3" period="1" title="FS作戦に備え、艦隊練度向上に努めよ！" content="FS作戦に備え、艦隊練度向上を図る！本日中に「演習」で4回以上「勝利」せよ！※B勝利以上を4回で達成" awardRanLiao="400" awardDanYao="" awardGang="400" awardLv="" awardOther="イベント海域【Extra Operation】『奮戦！西部方面派遣艦隊』西方海域戦線 カレー洋>反撃！第二次SN作戦開放" unlockIndex="31005"></item>
    <item index="31008" type="6" period="1" title="「工廠」”機種転換”" content="九七式艦攻(村田隊)」搭載「翔鶴」を秘書艦にして、新たに「天山」を2つ廃棄！※「天山」を2つ廃棄で達成。九七式艦攻(村田隊)のロックは外すこと" awardRanLiao="" awardDanYao="" awardGang="" awardLv="50" awardOther="天山一二型(村田隊)" unlockIndex="31006"></item>
    <item index="31009" type="2" period="1" title="西部方面派遣艦隊、出撃せよ！" content="西部海域に西部方面派遣艦隊を派遣し、同方面の再集結中の敵増援部隊を叩け！！※E-5ゲージ破壊で達成" awardRanLiao="550" awardDanYao="" awardGang="550" awardLv="" awardOther="戦闘糧食x1、プレゼント箱x1" unlockIndex="31007"></item>
    <item index="31010" type="2" period="1" title="FS作戦の橋頭堡を築け！" content="空母10隻撃沈で達成" awardRanLiao="" awardDanYao="450" awardGang="" awardLv="450" awardOther="イベント海域【Deep Extra Operation】『反攻作戦！FS方面進出』ソロモン海東部海域解放" unlockIndex="31009"></item>
    <item index="31011" type="1" period="1" title="空母機動部隊「第三艦隊」を編成せよ！" content="連合艦隊編成で第一艦隊に「翔鶴」「瑞鶴」「瑞鳳」を配備した、第三艦隊を編成せよ！" awardRanLiao="300" awardDanYao="300" awardGang="" awardLv="300" awardOther="改修資材x4、洋上補給x1" unlockIndex="31009"></item>




    <!--
    <item index="" type="" period="" title="" content="" awardRanLiao="" awardDanYao="" awardGang="" awardLv="" awardOther="" unlockIndex=""></item>
     -->
</Quest>
