{
    "logs" : [
              {
              "date" : "2016-03-16",
              "content" : "1、海域データ更新：\n● 6-4「中部北海域ピーコック島沖」"
              },
              {
              "date" : "2016-03-15",
              "content" : "1、改修工廠更新：\n●「25mm単装機銃」\n●「25mm連装機銃」\n●「試製35.6cm三連装砲」\n●「35.6cm連装砲(ダズル迷彩)」\n●「試製41cm三連装砲」\n●「零式水上偵察機」\n●「零式水上観測機」\n●「Ro.43水偵」\n\n2、新装備：\n●「25mm単装機銃」\n\n3、任務更新：\n\n● A66 「第三十一戦隊(第一次)」を編成せよ！\n● A67 「第二七駆逐隊」を編成せよ！\n● B58 旗艦「霞」北方海域を哨戒せよ！\n● B59 旗艦「霞」出撃！敵艦隊を撃滅せよ！\n● B60 「第三十一戦隊」出撃せよ！\n● B61 「第二七駆逐隊」出撃せよ！"
              },
              {
              "date" : "2016-03-14",
              "content" : "1、艦船更新\n●「霞改二」\n●「霞改二乙」\n●「皐月改二」\n●「Zara」\n●「沖波」\n●「初月」\n\n2、新装備：\n●「16inch三連装砲 Mk.7」\n●「203mm/53 連装砲」\n●「Ro.43水偵」\n●「Ro.44水上戦闘機」\n●「二式水戦改」\n\n3、限定艦娘グラフィック更新：\n\n●「瑞穂」\n●「清霜」\n●「衣笠」\n●「春雨」\n●「曙」\n●「弥生」\n●「卯月」\n●「鹿島」\n●「大淀」\n●「明石」\n●「時雨」\n●「龍驤」"
              },
              {
              "date" : "2016-01-01",
              "content" : "1、限定艦娘グラフィック更新：\n\n●「北方棲姫」\n●「鹿島」\n●「夕雲」\n●「巻雲」\n●「大鯨」\n●「潮」\n●「扶桑」\n●「山城」\n●「天城」\n●「伊401」\n●「瑞鳳」\n●「香取」\n●「秋津洲」\n●「瑞穂」\n●「子日」\n●「曙」\n\n2、任務更新：\n\n● SB08 謹賀新年！「水雷戦隊」出撃始め！\n● SB09 新年の「伊良湖」のお手伝い！\n● SB10 漲る戦艦魂！大艦巨砲なお正月！\n● SB11 迎春！「機動部隊」抜錨せよ！"
              },
              {
              "date" : "2015-12-13",
              "content" : "1、限定艦娘グラフィック更新：\n\n●「大淀」\n●「Littorio」\n●「谷風」\n●「江風」\n●「初風」\n●「朧」\n\n2、任務更新：\n\n● A63 「第十六戦隊(第二次)」を編成せよ！\n● A64 「新編成航空戦隊」を編成せよ！\n● A65 精強な「水上反撃部隊」を再編成せよ！\n● B55 「第十六戦隊(第二次)」出撃せよ！\n● B56 新編成航空戦隊、北方へ進出せよ！\n● B57 「礼号作戦」実施せよ！"
              },
              {
              "date" : "2015-11-21",
              "content" : "1、秋イベント海域データ更新\n\n2、艦船更新：\n\n●「Graf Zeppelin」\n●「鹿島」\n●「萩風」\n●「嵐」\n\n3、新装備：\n\n●「Bf109T改」\n●「Fw190T改」\n●「10.5cm連装砲」"
              },
              {
              "date" : "2015-10-30",
              "content" : "1、限定艦娘グラフィック更新：\n●「Roma」\n●「Libeccio」\n\n2、艦船更新\n●「瑞鶴改二」\n●「瑞鶴改二甲」\n\n3、新装備：\n●「零式艦戦52型(熟練)」\n●「零戦52型丙(付岩井小隊)」\n●「零戦62型(爆戦/岩井隊)」\n●「零戦21型(付岩本小隊)」\n●「零戦52型甲(付岩本小隊)」\n●「零式艦戦53型(岩本隊)」\n\n4、任務更新：\n●A59 「第三航空戦隊」を編成せよ！\n●A60 「第四航空戦隊」を編成せよ！\n●A61 「小沢艦隊」を編成せよ！\n●A62 新航空戦隊を編成せよ！\n●B53 「第三航空戦隊」南西諸島防衛線に出撃！\n●B54 「小沢艦隊」出撃せよ！\n●F22 精鋭「艦戦」隊の新編成\n●F23 試製航空艤装の追加試作\n●F24 機種転換\n●F25 機種転換\n●F26 「艦戦」隊の再編成\n●F27 機種転換＆部隊再編\n●F28 「艦戦」隊の再編成\n●F29 機種転換\n●F30 機種転換＆部隊再編"
              },
              {
              "date" : "2015-10-22",
              "content" : "1、新装備：\n●「試製景雲(艦偵型)」\n\n2、九月作戦報酬更新"
              },
              {
              "date" : "2015-10-14",
              "content" : "誤ったデータが修正されました"
              },
              {
              "date" : "2015-10-09",
              "content" : "1、限定艦娘グラフィック更新：\n●「磯風」\n●「村雨」\n●「潮」\n●「曙」\n●「北方棲姫」\n\n2、新装備：\n●「秋刀魚の缶詰」\n\n3、任務更新：\n●SB03 秋刀魚漁：「秋刀魚」を収穫しよう！\n●SB04 秋刀魚漁：「秋刀魚」をもっと収穫しなきゃ！\n●SB05 秋刀魚漁：もっと頑張ってもいいのよ！"
              },
              {
              "date" : "2015-10-04",
              "content" : "1、限定艦娘グラフィック更新：\n●「Z1」\n\n2、任務更新：\n●D19 機動部隊の運用を強化せよ！\n●F21 試作艤装の準備\n\n3、改修工廠更新：\n●「四式水中聴音機」\n●「九三式水中聴音機」\n\n4、練習巡洋艦「香取」及び駆逐艦「秋雲」が【建造】可能に"
              },
              {
              "date" : "2015-09-25",
              "content" : "1、艦船更新：\n●「翔鶴改二」\n●「翔鶴改二甲」\n\n2、秋季限定艦娘グラフィック：\n●「千歳」\n●「千代田」\n●「雷」\n●「電」\n●「春雨」\n●「球磨」\n●「多摩」\n\n3、新装備：\n●「試製南山」\n●「四式水中聴音機」\n\n4、任務更新：\n●A56 「第五航空戦隊」を再編成せよ！\n●A57 新編「第二一戦隊」出撃準備！\n●A58 「第十六戦隊(第一次)」を編成せよ！\n●B50 「第五航空戦隊」珊瑚諸島沖に出撃せよ！\n●B51 新編「第二一戦隊」北方へ出撃せよ！\n●B52 「第十六戦隊(第一次)」出撃せよ！\n●D19 機動部隊の運用を強化せよ！\n●F19 精鋭「九七式艦攻」部隊の編成\n●F20 機種転換"
              },
              {
              "date" : "2015-09-12",
              "content" : "1、任務更新：\n●B48 「鎮守府正面の対潜哨戒を強化せよ！」\n●B49 「「空母機動部隊」北方海域に進出せよ！」\n●C8 「精鋭艦隊演習」"
              },
              {
              "date" : "2015-09-07",
              "content" : "1、季節限定艦娘グラフィック実装：\n●「神通改二」\n●「大淀改」\n●「長良」\n●「名取」\n●「瑞穂」\n●「江風」\n●「浦風」\n●「浜風」\n●「朧」"
              },
              {
              "date" : "2015-08-18",
              "content" : "夏イベE1-E7全ての攻略情報が更新されました"
              },
              {
              "date" : "2015-08-15",
              "content" : "1、艦船更新：\n\n●「江風」\n●「速吸」\n●「Libeccio」\n●「照月」\n●「瑞穂」\n●「海風」\n●「風雲」\n\n2、新装備：\n\n●「九七式艦攻(村田隊)」\n●「天山一二型(村田隊)」\n\n3、夏イベント海域データ更新"
              },
              {
              "date" : "2015-07-31",
              "content" : "1、夏季限定艦娘グラフィック更新：\n●「龍田」\n●「天城改」"
              },
              {
              "date" : "2015-07-21",
              "content" : "1、新装備：\n●「15m二重測距儀+21号電探改二」\n\n2、六月作戦報酬更新"
              },
              {
              "date" : "2015-07-17",
              "content" : "1、艦船更新：\n●「阿武隈改二」\n\n2、夏季限定艦娘グラフィック更新：\n●「天龍」\n●「時雨改二」\n●「夕立改二」\n●「明石」\n●「Littorio」\n●「Italia」\n\n3、改修工廠更新：\n●「32号対水上電探」\n●「32号対水上電探改」\n\n4、北方海域【3-2】キス島沖の分岐条件が一部更新されました\n\n5、任務更新：\n●A54 「第一水雷戦隊」北方突入準備！\n●B46 「第一水雷戦隊」ケ号作戦、突入せよ！\n●C7 北方再突入に備え、練度向上に努めよ！\n●A55 「第一水雷戦隊」北方再突入準備！\n●B47 「第一水雷戦隊」北方ケ号作戦、再突入！"
              },
              {
              "date" : "2015-07-10",
              "content" : "誤ったデータが修正されました"
              },
              {
              "date" : "2015-06-26",
              "content" : "1、改修工廠更新：\n●「22号対水上電探」\n●「22号対水上電改四」\n\n2、新海域の実装：\n6-3「K作戦」\n\n3、限定グラフィックの実装：\n●「祥鳳改」\n●「白露改」\n●「村雨改」\n●「朧」\n●「曙」\n●「漣」\n●「潮」\n●「潮改二」"
              },

              {
              "date" : "2015-06-20",
              "content" : "1、改修工廠更新：\n●「13号対空電探」\n●「13号対空電探改」\n●「21号対空電探」\n●「21号対空電探改」\n\n2、4-5「深海東洋艦隊漸減作戦」更新"
              },
              {
              "date" : "2015-06-12",
              "content" : "1、更新艦船：\n●「加古改二」\n\n2、新海域の実装：\n#4-5「深海東洋艦隊漸減作戦」(Extra Operation)"
              },
              {
              "date" : "2015-05-28",
              "content" : "1、更新裝備：\n●「96式150cm探照灯」\n\n2、更新改修工廠：\n●「15.2cm連装砲」\n●「15.2cm連装砲改」\n●「探照灯」\n●「96式150cm探照灯」\n\n3、更新任務：\n●A52 海上突入部隊を編成せよ！\n●A53 新編「第六駆逐隊」を編成せよ！\n●B44 海上突入部隊、進発せよ！\n●B45 「第六駆逐隊」対潜哨戒を徹底なのです！\n\n4、更新艦船：\n●「暁改二」\n\n5、梅雨の季節限定グラフィックの実装：\n●「村雨改」\n●「祥鳳改」"
              },
              {
              "date" : "2015-05-20",
              "content" : "1、更新裝備：\n●「15.2cm連装砲改」\n\n2、更新遠征：\n●「24.北方航路海上護衛」\n●「40.水上機前線輸送」"
              },
              {
              "date" : "2015-05-19",
              "content" : "1、改修工廠更新：\n●「試製51cm連装砲」\n●「15.2cm単装砲」\n2、梅雨の季節限定グラフィックの実装：\n●「高波」"
              },
              {
              "date" : "2015-05-08",
              "content" : "1、更新イベント海域データ"
              },
              {
              "date" : "2015-05-05",
              "content" : "1、改修工廠更新：\n●「381mm/50 三連装砲」\n●「381mm/50 三連装砲改」\n●「90mm単装高角砲」\n●「OTO 152mm三連装速射砲」"
              },
              {
              "date" : "2015-04-30",
              "content" : "1、更新春の期間限定イベント海域データ\n2、更新複數の新艦船データ\n3、更新複數の新裝備データ"
              },
              {
              "date" : "2015-04-22",
              "content" : "1、駆逐艦「睦月改二」「如月改二」の実装\n"
              },
              {
              "date" : "2015-04-20",
              "content" : "1、新裝備[試作主砲] 381mm/50 三連装砲"
              },
              {
              "date" : "2015-04-10",
              "content" : "1、駆逐艦「叢雲改二」の実装\n2、「新任務」の追加実装\n3、新海域1-6「鎮守府近海航路」の実装"
              },
              {
              "date" : "2015-03-30",
              "content" : "1、「鸟海改二」データエラー"
              },
              {
              "date" : "2015-03-27",
              "content" : "1、重巡洋舰「鸟海」改二改装の実装\n2、「新任務」の追加実装"
              },
              {
              "date" : "2015-03-20",
              "content" : "1、新裝備「零式水中聴音機」"
              },
              {
              "date" : "2015-03-13",
              "content" : "1、重巡洋舰「摩耶」改二改装の実装\n2、「新任務」の追加実装\n3、新装備「12.7cm高角砲＋高射装置」及び「25ｍｍ三連装機銃 集中配備」が追加実装されます"
              },
              {
              "date" : "2015-03-01",
              "content" : "1、更新「38cm連装砲」「38cm連装砲改」「試製46cm連装砲」「46cm三連装砲」改修時間"
              },
              {
              "date" : "2015-02-19",
              "content" : "1、更新遠征「遠洋練習航海」\n2、更新複數艦船データ"
              },
              {
              "date" : "2015-02-09",
              "content" : "1、更新裝備「試製51cm連装砲」「試製FaT仕様九五式酸素魚雷改」「WG42(Wurfgerät 42)」\n2、更新艦船「香取」「朝霜」「天城」「U511」「呂500」\n3、更新冬イベント「迎撃！トラック泊地強襲」"
              },
              {
              "date" : "2015-01-27",
              "content" : "1、更新裝備「流星(六〇一空)」\n2、更新「九一式徹甲弾」「一式徹甲弾」改修時間"
              },
              {
              "date" : "2015-01-23",
              "content" : "1、重巡洋舰「那智」改二改装の実装\n2、重巡洋艦「那智改二」に追加ボイス実装\n3、「家具屋さん」お品书きの更新\n4、新母港BGM「節分の鎮守府」が実装されます\n5、駆逐舰「初霜」改二改装の実装\n6、駆逐艦「初霜」に追加ボイス実装\n7、「九一式彻甲弾」及び「一式彻甲弾」の强化改修が可能になります\n8、「新任務」の追加実装\n9、「母港拡張枠」の拡張\n10、「250万の感謝」掛け軸をお贈りします\n11、節分限定ボイスの実装"
              },
              {
              "date" : "2015-01-09",
              "content" : "1、特I型駆逐艦「吹雪」に追加ボイス実装\n2、特I型駆逐艦「吹雪」改二改装の実装\n3、「新任務」の追加実装\n4、「家具屋さん」お品書きの更新\n5、新改修装備「61cm三連装(酸素)魚雷」が追加実装されます\n6、艦娘「年末年始仕様」終了\n7、「九三式水中聴音機」「三式水中探信儀」の强化改修が可能になります\n8、年末年始駆逐艦「山雲」特別ドロップ終了"
              }
              ]
}
