<Construct>
    <item name="駆逐・軽巡・重巡・潜水艦" flagship="">
        <recipe major="0" ranLiao="30"  danYao="30"  gang="30"  lv="30" result="日常配方，主要出驱逐（岛风、雪风除外）、轻巡，会出秋雲、弥生和夕张"></recipe>
        <recipe major="0" ranLiao="250" danYao="30"  gang="200" lv="30" result="稀有驱逐及潜艇公式，包括雪风、岛风、Z1 （Z3旗舰）、Z3（Z1旗舰）、伊58、伊168、伊8、香取"></recipe>
        <recipe major="0" ranLiao="250" danYao="130" gang="200" lv="30" result="同上"></recipe>
        <recipe major="0" ranLiao="300" danYao="100" gang="200" lv="30" result="玄学公式，同上"></recipe>
        <recipe major="0" ranLiao="270" danYao="130" gang="330" lv="30" result="重巡、稀有驱逐、潜艇公式"></recipe>
    </item>
    <item name="戦艦" flagship="">
        <recipe major="0" ranLiao="400" danYao="30"  gang="600" lv="30" result="主流公式，能出大和级以外的所有战舰，三隈以外的所有重巡"></recipe>
        <recipe major="0" ranLiao="400" danYao="100" gang="600" lv="30" result="同上"></recipe>
    </item>
    <item name="空母" flagship="">
        <recipe major="0" ranLiao="300" danYao="30"  gang="400" lv="300" result="低消耗公式，能出所有航母"></recipe>
        <recipe major="0" ranLiao="350" danYao="30"  gang="400" lv="350" result="同上"></recipe>
        <recipe major="0" ranLiao="300" danYao="30"  gang="600" lv="400" result="能出所有航母"></recipe>
        <recipe major="0" ranLiao="300" danYao="300" gang="600" lv="600" result="主流公式，能出所有航母"></recipe>
    </item>
    <item name="大型建造" flagship="" isLarge="1">
        <recipe major="0" ranLiao="1500" danYao="1500" gang="2000" lv="1000" material="1" result="除了大和、武藏、大凤、BSM、伊401、あきつ丸外的船都能出"></recipe>
    </item>
    <item name="大和・武藏" flagship="" isLarge="1">
        <recipe major="0" ranLiao="4000" danYao="6000" gang="6000" lv="2000" material="20" result="常用公式"></recipe>
        <recipe major="0" ranLiao="4000" danYao="6000" gang="6000" lv="3000" material="20" result="常用公式，低概率出大鳳"></recipe>
        <recipe major="0" ranLiao="6000" danYao="5000" gang="7000" lv="2000" material="20" result="常用公式"></recipe>
        <recipe major="0" ranLiao="6000" danYao="4000" gang="6000" lv="3000" material="20" result="低概率出大鳳"></recipe>
    </item>
    <item name="大鳳" flagship="" isLarge="1">
        <recipe major="0" ranLiao="4000" danYao="2000" gang="5000" lv="7000" material="20" result="常用公式，铝消耗高，能出あきつ丸"></recipe>
        <recipe major="0" ranLiao="4000" danYao="2000" gang="5000" lv="5200" material="20" result="常用公式，铝消耗低，能出あきつ丸"></recipe>
        <recipe major="0" ranLiao="3500" danYao="3500" gang="6000" lv="6000" material="20" result="常用公式，低概率出大和"></recipe>
    </item>
    <item name="Bismarck" flagship="Z1・Z3" isLarge="1">
        <recipe major="0" ranLiao="4000" danYao="6000" gang="6000" lv="2000" material="20" result="大和概率大大降低"></recipe>
        <recipe major="0" ranLiao="4000" danYao="6000" gang="6000" lv="3000" material="20" result="大和概率大大降低，能出航母"></recipe>
    </item>
    <item name="伊401" flagship="" isLarge="1">
        <recipe major="0" ranLiao="4000" danYao="6000" gang="6000" lv="2000" material="1" result="常用公式，能出大和"></recipe>
        <recipe major="0" ranLiao="4000" danYao="6000" gang="6000" lv="3000" material="1" result="常用公式，能出大和"></recipe>
    </item>

    <!--
    <item name="" flagship="" isLarge="">
        <recipe major="0" ranLiao="" danYao="" gang="" lv="" material="" result=""></recipe>
    </item>
     -->
</Construct>