{
    "45" : [
              {
              "title" : "中路打法",
              "detail" : "路线：B-C-F-J-M\n带路：战舰+空母/轻母合计不超过3只\n\n编成1：重巡系x4 + 航战x1 + 加贺x1\n编成2：重巡系x3 + 战舰x1 + 空母x2\n\n配装：重巡系和战舰都是双主炮+水侦/水爆+三式弹，磨血阶段空优大概230左右，斩杀大约190"
              }
            ],
    "63" : [
              {
              "title" : "中路打法",
              "detail" : "A点走下路选C点，C和E都有一定概率被劝退\n\n磨血阶段可以1水母1轻巡4驱逐，斩杀考虑多带几个轻巡，2水母3轻巡1驱逐、1水母3轻巡2驱逐，也可以1水母1轻巡4驱逐走上路赌脸\n\n水母尽量带千姐妹，不要放旗舰，因为夜战没输出"
              }
            ],
    "64" : [
              {
              "title" : "路线ADCFN",
              "detail" : "配置：秋津洲（不需要旗舰） + 重巡x1 + 航战x1 + 航巡x1 + 驱逐x2\n\n秋津洲：带三个瑞云即可\n重巡：带双炮水观三式弹\n航战：上扶桑姐妹，第四格放瑞云，保证制空有20+，其它三格带双炮三式弹\n航巡：火箭弹（WG42）优先给航巡用，双炮+三式弹+火箭弹，没有火箭弹的换瑞云\n驱逐：双炮+火箭弹，或者双炮+大発動艇（霞改二、Верный、皋月改二限定）\n\n不管位置怎么排，C点的劝退率都很高，秋津洲等级低的可以放旗舰保护下，否则建议将航巡放旗舰，保证Boss点昼战的存活率。斩杀基本需要夜战至少两艘船打离岛，否则很难。提督等级低的会遇到5船配置，相对简单"
              },
              {
              "title" : "路线BDCFN",
              "detail" : "配置：轻巡x1（旗舰） + 高速战舰x1 + 航巡x1 + 驱逐x3\n\n轻巡：推荐上大淀，双炮+双火箭弹\n高速战舰：上意大利姐妹，双炮+三式弹+瑞云\n航巡：双炮+瑞云+火箭弹/三式弹\n驱逐：双炮+火箭弹，或者双炮+大発動艇（霞改二、Верный、皋月改二限定）\n\n没有秋津洲的可以试试这个配置，和上面的打法基本差不多，劝退同样发生在C点。火箭弹优先给大淀，否则轻巡的输出不高。进了Boss，双手合十，祈祷即可_(:3 」∠)_"
              }
            ]
}






























