<EquipLevelup>
    <!-- 12.7cm連装砲 -->
    <item index="2" nextIndex="63" nextInitialLevel="0">
        <costResource ranLiao="10" danYao="30" gang="60" lv="0"></costResource>
        <costMaterial fromLevel="0"  toLevel="5"  kaiFa="1" kaiFaEnsure="2" gaiXiu="1" gaiXiuEnsure="2"></costMaterial>
        <costMaterial fromLevel="6"  toLevel="9"  kaiFa="1" kaiFaEnsure="2" gaiXiu="1" gaiXiuEnsure="2" equipIndex="2" equipCount="1"></costMaterial>
        <costMaterial fromLevel="10" toLevel="10" kaiFa="2" kaiFaEnsure="3" gaiXiu="3" gaiXiuEnsure="6" equipIndex="2" equipCount="2"></costMaterial>
        <available day="1"></available>
        <available day="2"></available>
        <available day="3"></available>
        <available day="4"></available>
        <available day="5"></available>
        <available day="6"></available>
        <available day="7"></available>
    </item>



    <!-- 12.7cm連装砲B型改二 -->
    <item index="63" isRare="1">
        <costResource ranLiao="10" danYao="40" gang="70" lv="0"></costResource>
        <costMaterial fromLevel="0"  toLevel="5"  kaiFa="2" kaiFaEnsure="2" gaiXiu="2" gaiXiuEnsure="3"></costMaterial>
        <costMaterial fromLevel="6"  toLevel="9"  kaiFa="2" kaiFaEnsure="2" gaiXiu="2" gaiXiuEnsure="4" equipIndex="63" equipCount="1"></costMaterial>
        <available day="1" secretary="144,195"></available>
        <available day="2" secretary="144,195"></available>
        <available day="3" secretary="144,195"></available>
    </item>



    <!-- 25mm単装機銃 -->
    <!-- TODO -->
    <item index="49" nextIndex="39" nextInitialLevel="5">
        <costResource ranLiao="0" danYao="10" gang="10" lv="10"></costResource>
        <costMaterial fromLevel="0"  toLevel="5"  kaiFa="0" kaiFaEnsure="1" gaiXiu="1" gaiXiuEnsure="1"></costMaterial>
        <costMaterial fromLevel="6"  toLevel="9"  kaiFa="1" kaiFaEnsure="2" gaiXiu="1" gaiXiuEnsure="1" equipIndex="49" equipCount="1"></costMaterial>
        <costMaterial fromLevel="10" toLevel="10" kaiFa="2" kaiFaEnsure="3" gaiXiu="1" gaiXiuEnsure="2" equipIndex="49" equipCount="1"></costMaterial>
        <available day="5" secretary="28"></available>
        <available day="6" secretary="28"></available>
        <available day="7" secretary="28"></available>
    </item>



    <!-- 25mm連装機銃 -->
    <!-- TODO -->
    <item index="39" nextIndex="40" nextInitialLevel="3">
        <costResource ranLiao="0" danYao="20" gang="10" lv="10"></costResource>
        <costMaterial fromLevel="0"  toLevel="5"  kaiFa="0" kaiFaEnsure="1" gaiXiu="1" gaiXiuEnsure="1"></costMaterial>
        <costMaterial fromLevel="6"  toLevel="9"  kaiFa="1" kaiFaEnsure="2" gaiXiu="1" gaiXiuEnsure="2" equipIndex="39" equipCount="1"></costMaterial>
        <costMaterial fromLevel="10" toLevel="10" kaiFa="2" kaiFaEnsure="3" gaiXiu="1" gaiXiuEnsure="2" equipIndex="39" equipCount="1"></costMaterial>
        <available day="1" secretary="28"></available>
        <available day="2" secretary="28,29"></available>
        <available day="6" secretary="141"></available>
        <available day="7" secretary="141"></available>
    </item>



    <!-- 25mm三連装機銃 -->
    <item index="40" nextIndex="131" nextInitialLevel="0">
        <costResource ranLiao="0" danYao="30" gang="20" lv="10"></costResource>
        <costMaterial fromLevel="0"  toLevel="5"  kaiFa="1" kaiFaEnsure="2" gaiXiu="1" gaiXiuEnsure="1"></costMaterial>
        <costMaterial fromLevel="6"  toLevel="9"  kaiFa="1" kaiFaEnsure="3" gaiXiu="1" gaiXiuEnsure="2" equipIndex="40" equipCount="1"></costMaterial>
        <costMaterial fromLevel="10" toLevel="10" kaiFa="5" kaiFaEnsure="9" gaiXiu="3" gaiXiuEnsure="7" equipIndex="40" equipCount="5"></costMaterial>
        <available day="1" secretary="141,428"></available>
        <available day="2" secretary="141,68"></available>
        <available day="3" secretary="141,68"></available>
        <available day="4" secretary="68"></available>
        <available day="5" secretary="428"></available>
        <available day="6" secretary="428"></available>
        <available day="7" secretary="428"></available>
    </item>



    <!-- 91式高射装置 -->
    <item index="120" nextIndex="121" nextInitialLevel="0">
        <costResource ranLiao="0" danYao="0" gang="60" lv="40"></costResource>
        <costMaterial fromLevel="0"  toLevel="5"  kaiFa="3" kaiFaEnsure="4" gaiXiu="1" gaiXiuEnsure="2"></costMaterial>
        <costMaterial fromLevel="6"  toLevel="9"  kaiFa="3" kaiFaEnsure="5" gaiXiu="2" gaiXiuEnsure="4" equipIndex="10" equipCount="1"></costMaterial>
        <costMaterial fromLevel="10" toLevel="10" kaiFa="4" kaiFaEnsure="9" gaiXiu="4" gaiXiuEnsure="7" equipIndex="3" equipCount="2"></costMaterial>
        <available day="1" secretary="68,421"></available>
        <available day="4" secretary="422"></available>
        <available day="5" secretary="68,421,422"></available>
        <available day="6" secretary="68,421,422"></available>
        <available day="7" secretary="68,421,422"></available>
    </item>



    <!-- 94式高射装置 - 12.7cm高角砲＋高射装置 -->
    <item index="121" nextIndex="130" nextInitialLevel="0">
        <costResource ranLiao="0" danYao="0" gang="80" lv="70"></costResource>
        <costMaterial fromLevel="0"  toLevel="5"  kaiFa="4" kaiFaEnsure="5"  gaiXiu="2" gaiXiuEnsure="3"></costMaterial>
        <costMaterial fromLevel="6"  toLevel="9"  kaiFa="4" kaiFaEnsure="6"  gaiXiu="3" gaiXiuEnsure="5"  equipIndex="10" equipCount="1"></costMaterial>
        <costMaterial fromLevel="10" toLevel="10" kaiFa="7" kaiFaEnsure="9" gaiXiu="5" gaiXiuEnsure="9" equipIndex="10" equipCount="2"></costMaterial>
        <available day="4" secretary="428"></available>
        <available day="5" secretary="428"></available>
        <available day="6" secretary="428"></available>
        <available day="7" secretary="428"></available>
    </item>



    <!-- 94式高射装置 - 10cm高角砲＋高射装置 -->
    <item index="121" nextIndex="122" nextInitialLevel="0">
        <costResource ranLiao="0" danYao="0" gang="80" lv="70"></costResource>
        <costMaterial fromLevel="0"  toLevel="5"  kaiFa="4" kaiFaEnsure="5"  gaiXiu="2" gaiXiuEnsure="3"></costMaterial>
        <costMaterial fromLevel="6"  toLevel="9"  kaiFa="4" kaiFaEnsure="6"  gaiXiu="3" gaiXiuEnsure="5"  equipIndex="3" equipCount="1"></costMaterial>
        <costMaterial fromLevel="10" toLevel="10" kaiFa="8" kaiFaEnsure="10" gaiXiu="5" gaiXiuEnsure="10" equipIndex="3" equipCount="2"></costMaterial>
        <available day="1" secretary="421,422"></available>
        <available day="2" secretary="421,422"></available>
        <available day="3" secretary="421,422"></available>
        <available day="4" secretary="421,422,426"></available>
        <available day="5" secretary="421,422,426"></available>
        <available day="6" secretary="421,422,426"></available>
        <available day="7" secretary="421,422,426"></available>
    </item>



    <!-- 10cm高角砲＋高射装置 -->
    <item index="122" isRare="1">
        <costResource ranLiao="10" danYao="60" gang="150" lv="50"></costResource>
        <costMaterial fromLevel="0"  toLevel="5"  kaiFa="6" kaiFaEnsure="7" gaiXiu="3" gaiXiuEnsure="4"></costMaterial>
        <costMaterial fromLevel="6"  toLevel="9"  kaiFa="5" kaiFaEnsure="8" gaiXiu="4" gaiXiuEnsure="7" equipIndex="3" equipCount="2"></costMaterial>
        <available day="1" secretary="421"></available>
        <available day="2" secretary="421"></available>
        <available day="3" secretary="421"></available>
        <available day="4" secretary="421,422"></available>
        <available day="5" secretary="422"></available>
        <available day="6" secretary="422"></available>
        <available day="7" secretary="422"></available>
    </item>



    <!-- 14cm単装砲 -->
    <item index="4" nextIndex="119" nextInitialLevel="0">
        <costResource ranLiao="10" danYao="50" gang="80" lv="0"></costResource>
        <costMaterial fromLevel="0"  toLevel="5"  kaiFa="1" kaiFaEnsure="2" gaiXiu="1" gaiXiuEnsure="2"></costMaterial>
        <costMaterial fromLevel="6"  toLevel="9"  kaiFa="1" kaiFaEnsure="2" gaiXiu="1" gaiXiuEnsure="2" equipIndex="4" equipCount="1"></costMaterial>
        <costMaterial fromLevel="10" toLevel="10" kaiFa="3" kaiFaEnsure="4" gaiXiu="3" gaiXiuEnsure="6" equipIndex="4" equipCount="2"></costMaterial>
        <available day="1"></available>
        <available day="2"></available>
        <available day="3"></available>
        <available day="4"></available>
        <available day="5"></available>
        <available day="6"></available>
        <available day="7"></available>
    </item>



    <!-- 14cm連装砲 -->
    <item index="119">
        <costResource ranLiao="10" danYao="60" gang="100" lv="0"></costResource>
        <costMaterial fromLevel="0"  toLevel="5"  kaiFa="2" kaiFaEnsure="2" gaiXiu="1" gaiXiuEnsure="2"></costMaterial>
        <costMaterial fromLevel="6"  toLevel="9"  kaiFa="2" kaiFaEnsure="4" gaiXiu="2" gaiXiuEnsure="3" equipIndex="119" equipCount="1"></costMaterial>
        <available day="1" secretary="115"></available>
        <available day="4" secretary="115"></available>
    </item>



    <!-- 15.2cm連装砲 -->
    <item index="65" nextIndex="139" nextInitialLevel="0">
        <costResource ranLiao="10" danYao="70" gang="100" lv="0"></costResource>
        <costMaterial fromLevel="0"  toLevel="5"  kaiFa="2" kaiFaEnsure="2" gaiXiu="2" gaiXiuEnsure="3"></costMaterial>
        <costMaterial fromLevel="6"  toLevel="9"  kaiFa="2" kaiFaEnsure="3" gaiXiu="2" gaiXiuEnsure="4" equipIndex="65" equipCount="1"></costMaterial>
        <costMaterial fromLevel="10" toLevel="10" kaiFa="5" kaiFaEnsure="8" gaiXiu="4" gaiXiuEnsure="10" equipIndex="28" equipCount="1"></costMaterial>
        <available day="1" secretary="138,139"></available>
        <available day="2" secretary="139"></available>
        <available day="3" secretary="139"></available>
        <available day="4" secretary="137,139"></available>
        <available day="5" secretary="137,138"></available>
        <available day="6" secretary="137,138"></available>
        <available day="7" secretary="138"></available>
    </item>



    <!-- 15.2cm連装砲改 -->
    <item index="139" isRare="1">
        <costResource ranLiao="20" danYao="80" gang="100" lv="30"></costResource>
        <costMaterial fromLevel="0"  toLevel="5"  kaiFa="3" kaiFaEnsure="4" gaiXiu="2" gaiXiuEnsure="3" equipIndex="65" equipCount="1"></costMaterial>
        <costMaterial fromLevel="6"  toLevel="9"  kaiFa="4" kaiFaEnsure="6" gaiXiu="3" gaiXiuEnsure="6" equipIndex="65" equipCount="1"></costMaterial>
        <available day="1" secretary="140"></available>
        <available day="2" secretary="140"></available>
        <available day="3" secretary="139"></available>
        <available day="4" secretary="139"></available>
        <available day="5" secretary="139"></available>
        <available day="6" secretary="139,140"></available>
        <available day="7" secretary="140"></available>
    </item>



    <!-- 15.5cm三連装砲 -->
    <item index="5">
        <costResource ranLiao="10" danYao="90" gang="120" lv="0"></costResource>
        <costMaterial fromLevel="0"  toLevel="5"  kaiFa="2" kaiFaEnsure="2" gaiXiu="2" gaiXiuEnsure="3"></costMaterial>
        <costMaterial fromLevel="6"  toLevel="9"  kaiFa="2" kaiFaEnsure="3" gaiXiu="2" gaiXiuEnsure="4" equipIndex="5" equipCount="1"></costMaterial>
        <available day="1" secretary="183"></available>
        <available day="5" secretary="70"></available>
        <available day="6" secretary="70"></available>
        <available day="7" secretary="183"></available>
    </item>



    <!-- 20.3cm連装砲 -->
    <item index="6" nextIndex="90" nextInitialLevel="0">
        <costResource ranLiao="10" danYao="90" gang="120" lv="0"></costResource>
        <costMaterial fromLevel="0"  toLevel="5"  kaiFa="1" kaiFaEnsure="2" gaiXiu="2" gaiXiuEnsure="3"></costMaterial>
        <costMaterial fromLevel="6"  toLevel="9"  kaiFa="2" kaiFaEnsure="3" gaiXiu="2" gaiXiuEnsure="3"  equipIndex="6" equipCount="1"></costMaterial>
        <costMaterial fromLevel="10" toLevel="10" kaiFa="2" kaiFaEnsure="5" gaiXiu="4" gaiXiuEnsure="10" equipIndex="6" equipCount="2"></costMaterial>
        <available day="1" secretary="123"></available>
        <available day="2" secretary="123"></available>
        <available day="3" secretary="123"></available>
        <available day="4" secretary="61,123"></available>
        <available day="5" secretary="61,123"></available>
        <available day="6" secretary="61,123"></available>
        <available day="7" secretary="61,123"></available>
    </item>



    <!-- 20.3cm(2号)連装砲 -->
    <item index="90" nextIndex="50" nextInitialLevel="0" isRare="1">
        <costResource ranLiao="10" danYao="100" gang="130" lv="0"></costResource>
        <costMaterial fromLevel="0"  toLevel="5"  kaiFa="2" kaiFaEnsure="3" gaiXiu="2" gaiXiuEnsure="3"></costMaterial>
        <costMaterial fromLevel="6"  toLevel="9"  kaiFa="2" kaiFaEnsure="4" gaiXiu="2" gaiXiuEnsure="4"  equipIndex="90" equipCount="1"></costMaterial>
        <costMaterial fromLevel="10" toLevel="10" kaiFa="4" kaiFaEnsure="8" gaiXiu="4" gaiXiuEnsure="11" equipIndex="90" equipCount="1"></costMaterial>
        <available day="1" secretary="62"></available>
        <available day="2" secretary="62"></available>
        <available day="7" secretary="62"></available>
    </item>



    <!-- 20.3cm(3号)連装砲 -->
    <item index="50" isRare="1">
        <costResource ranLiao="10" danYao="110" gang="140" lv="0"></costResource>
        <costMaterial fromLevel="0"  toLevel="5"  kaiFa="3" kaiFaEnsure="4" gaiXiu="2" gaiXiuEnsure="3"></costMaterial>
        <costMaterial fromLevel="6"  toLevel="9"  kaiFa="3" kaiFaEnsure="5" gaiXiu="3" gaiXiuEnsure="5" equipIndex="50" equipCount="1"></costMaterial>
        <available day="2" secretary="120"></available>
        <available day="3" secretary="120"></available>
    </item>



    <!-- 35.6cm連装砲 -->
    <item index="7" nextIndex="103" nextInitialLevel="0">
        <costResource ranLiao="20" danYao="240" gang="300" lv="0"></costResource>
        <costMaterial fromLevel="0"  toLevel="5"  kaiFa="2" kaiFaEnsure="3"  gaiXiu="1" gaiXiuEnsure="2"></costMaterial>
        <costMaterial fromLevel="6"  toLevel="9"  kaiFa="3" kaiFaEnsure="4"  gaiXiu="2" gaiXiuEnsure="4"  equipIndex="7" equipCount="1"></costMaterial>
        <costMaterial fromLevel="10" toLevel="10" kaiFa="6" kaiFaEnsure="12" gaiXiu="5" gaiXiuEnsure="12" equipIndex="7" equipCount="3"></costMaterial>
        <available day="5" secretary="26"></available>
        <available day="6" secretary="26"></available>
        <available day="7" secretary="26"></available>
    </item>



    <!-- 試製35.6cm三連装砲 -->
    <item index="103" isRare="1">
        <costResource ranLiao="30" danYao="330" gang="390" lv="30"></costResource>
        <costMaterial fromLevel="0"  toLevel="5"  kaiFa="4" kaiFaEnsure="6"  gaiXiu="3" gaiXiuEnsure="4"  equipIndex="7" equipCount="2"></costMaterial>
        <costMaterial fromLevel="6"  toLevel="9"  kaiFa="6" kaiFaEnsure="9"  gaiXiu="4" gaiXiuEnsure="7"  equipIndex="7" equipCount="3"></costMaterial>
        <available day="3" secretary="149,411"></available>
        <available day="4" secretary="149,151,411,412"></available>
        <available day="5" secretary="151,411,412"></available>
        <available day="6" secretary="411,412"></available>
        <available day="7" secretary="412"></available>
    </item>



    <!-- 35.6cm連装砲(ダズル迷彩) -->
    <item index="104" isRare="1">
        <costResource ranLiao="30" danYao="250" gang="300" lv="30"></costResource>
        <costMaterial fromLevel="0"  toLevel="5"  kaiFa="3" kaiFaEnsure="4"  gaiXiu="2" gaiXiuEnsure="3"  equipIndex="7" equipCount="1"></costMaterial>
        <costMaterial fromLevel="6"  toLevel="9"  kaiFa="4" kaiFaEnsure="5"  gaiXiu="3" gaiXiuEnsure="5"  equipIndex="7" equipCount="2"></costMaterial>
        <available day="1" secretary="151"></available>
        <available day="2" secretary="151"></available>
        <available day="3" secretary="151"></available>
        <available day="6" secretary="151"></available>
        <available day="7" secretary="151"></available>
    </item>



    <!-- 38cm連装砲 -->
    <item index="76" nextIndex="114" nextInitialLevel="3">
        <costResource ranLiao="20" danYao="380" gang="450" lv="20"></costResource>
        <costMaterial fromLevel="0"  toLevel="5"  kaiFa="4" kaiFaEnsure="5"  gaiXiu="2" gaiXiuEnsure="3"  equipIndex="7" equipCount="1"></costMaterial>
        <costMaterial fromLevel="6"  toLevel="9"  kaiFa="5" kaiFaEnsure="8"  gaiXiu="3" gaiXiuEnsure="5"  equipIndex="7" equipCount="2"></costMaterial>
        <costMaterial fromLevel="10" toLevel="10" kaiFa="10" kaiFaEnsure="20" gaiXiu="6" gaiXiuEnsure="13" equipIndex="8" equipCount="2"></costMaterial>
        <available day="4" secretary="171"></available>
        <available day="5" secretary="171"></available>
        <available day="6" secretary="171"></available>
    </item>



    <!-- 38cm連装砲改 -->
    <item index="114" isRare="1">
        <costResource ranLiao="30" danYao="390" gang="470" lv="30"></costResource>
        <costMaterial fromLevel="0"  toLevel="5"  kaiFa="5" kaiFaEnsure="7"  gaiXiu="3" gaiXiuEnsure="4"  equipIndex="8" equipCount="1"></costMaterial>
        <costMaterial fromLevel="6"  toLevel="9"  kaiFa="6" kaiFaEnsure="9"  gaiXiu="4" gaiXiuEnsure="6"  equipIndex="8" equipCount="2"></costMaterial>
        <available day="1" secretary="171"></available>
        <available day="2" secretary="171"></available>
        <available day="7" secretary="171"></available>
    </item>



    <!-- 381mm/50 三連装砲 -->
    <item index="133" nextIndex="137" nextInitialLevel="3">
        <costResource ranLiao="30" danYao="400" gang="480" lv="20"></costResource>
        <costMaterial fromLevel="0"  toLevel="5"  kaiFa="4" kaiFaEnsure="5"  gaiXiu="2" gaiXiuEnsure="3"  equipIndex="7" equipCount="1"></costMaterial>
        <costMaterial fromLevel="6"  toLevel="9"  kaiFa="5" kaiFaEnsure="8"  gaiXiu="3" gaiXiuEnsure="5"  equipIndex="7" equipCount="2"></costMaterial>
        <costMaterial fromLevel="10" toLevel="10" kaiFa="12" kaiFaEnsure="20" gaiXiu="7" gaiXiuEnsure="14" equipIndex="39" equipCount="2"></costMaterial>
        <available day="1" secretary="442"></available>
        <available day="2" secretary="441"></available>
        <available day="3" secretary="441"></available>
        <available day="4" secretary="441"></available>
        <available day="5" secretary="441"></available>
        <available day="6" secretary="442"></available>
        <available day="7" secretary="442"></available>
    </item>



    <!-- 381mm/50 三連装砲改 -->
    <item index="137">
        <costResource ranLiao="40" danYao="440" gang="500" lv="40"></costResource>
        <costMaterial fromLevel="0"  toLevel="5"  kaiFa="5" kaiFaEnsure="7"  gaiXiu="3" gaiXiuEnsure="4"  equipIndex="8" equipCount="1"></costMaterial>
        <costMaterial fromLevel="6"  toLevel="9"  kaiFa="7" kaiFaEnsure="10"  gaiXiu="4" gaiXiuEnsure="6"  equipIndex="8" equipCount="2"></costMaterial>
        <available day="1" secretary="441"></available>
        <available day="2" secretary="442"></available>
        <available day="3" secretary="442"></available>
        <available day="4" secretary="442"></available>
        <available day="5" secretary="442"></available>
        <available day="6" secretary="441"></available>
        <available day="7" secretary="441"></available>
    </item>



    <!-- 41cm連装砲 -->
    <item index="8">
        <costResource ranLiao="30" danYao="350" gang="480" lv="0"></costResource>
        <costMaterial fromLevel="0"  toLevel="5"  kaiFa="3" kaiFaEnsure="4" gaiXiu="2" gaiXiuEnsure="3" equipIndex="8" equipCount="1"></costMaterial>
        <costMaterial fromLevel="6"  toLevel="9"  kaiFa="4" kaiFaEnsure="7" gaiXiu="3" gaiXiuEnsure="6" equipIndex="8" equipCount="2"></costMaterial>
        <available day="1" secretary="81"></available>
        <available day="2" secretary="80"></available>
        <available day="4" secretary="81"></available>
        <available day="5" secretary="80"></available>
        <available day="6" secretary="80"></available>
        <available day="7" secretary="81"></available>
    </item>



    <!-- 試製41cm三連装砲 -->
    <item index="105" isRare="1">
        <costResource ranLiao="40" danYao="440" gang="620" lv="40"></costResource>
        <costMaterial fromLevel="0"  toLevel="5"  kaiFa="5" kaiFaEnsure="7"  gaiXiu="4" gaiXiuEnsure="6"  equipIndex="8" equipCount="2"></costMaterial>
        <costMaterial fromLevel="6"  toLevel="9"  kaiFa="8" kaiFaEnsure="10"  gaiXiu="5" gaiXiuEnsure="8"  equipIndex="8" equipCount="3"></costMaterial>
        <available day="1" secretary="275"></available>
        <available day="2" secretary="276"></available>
        <available day="3" secretary="275,276"></available>
        <available day="4" secretary="275"></available>
        <available day="5" secretary="276"></available>
        <available day="6" secretary="276"></available>
        <available day="7" secretary="275"></available>
    </item>



    <!-- 試製46cm連装砲 -->
    <item index="117" nextIndex="9" nextInitialLevel="5" isRare="1">
        <costResource ranLiao="40" danYao="420" gang="650" lv="40"></costResource>
        <costMaterial fromLevel="0"  toLevel="5"  kaiFa="5" kaiFaEnsure="6"  gaiXiu="3" gaiXiuEnsure="5"  equipIndex="8" equipCount="2"></costMaterial>
        <costMaterial fromLevel="6"  toLevel="9"  kaiFa="6" kaiFaEnsure="8"  gaiXiu="4" gaiXiuEnsure="7"  equipIndex="8" equipCount="3"></costMaterial>
        <costMaterial fromLevel="10" toLevel="10" kaiFa="12" kaiFaEnsure="18" gaiXiu="8" gaiXiuEnsure="14" equipIndex="8" equipCount="4"></costMaterial>
        <available day="1" secretary="131"></available>
        <available day="2" secretary="143"></available>
        <available day="3" secretary="143"></available>
        <available day="7" secretary="131"></available>
    </item>



    <!-- 46cm三連装砲 -->
    <item index="9" isRare="1">
        <costResource ranLiao="50" danYao="480" gang="800" lv="50"></costResource>
        <costMaterial fromLevel="0"  toLevel="5"  kaiFa="6" kaiFaEnsure="8"  gaiXiu="4" gaiXiuEnsure="6"  equipIndex="9" equipCount="1"></costMaterial>
        <costMaterial fromLevel="6"  toLevel="9"  kaiFa="8" kaiFaEnsure="10"  gaiXiu="5" gaiXiuEnsure="8"  equipIndex="9" equipCount="2"></costMaterial>
        <available day="1" secretary="143"></available>
        <available day="5" secretary="131"></available>
        <available day="6" secretary="131"></available>
        <available day="7" secretary="143"></available>
    </item>



    <!-- 試製51cm連装砲 -->
    <item index="128" isRare="1">
        <costResource ranLiao="50" danYao="550" gang="950" lv="80"></costResource>
        <costMaterial fromLevel="0"  toLevel="5"  kaiFa="7" kaiFaEnsure="9"  gaiXiu="5" gaiXiuEnsure="7"  equipIndex="9" equipCount="2"></costMaterial>
        <costMaterial fromLevel="6"  toLevel="9"  kaiFa="10" kaiFaEnsure="15"  gaiXiu="7" gaiXiuEnsure="10"  equipIndex="9" equipCount="3"></costMaterial>
        <available day="1" secretary="136,148"></available>
        <available day="2" secretary="136"></available>
        <available day="3" secretary="148"></available>
    </item>



    <!-- 90mm単装高角砲 -->
    <item index="135">
        <costResource ranLiao="10" danYao="20" gang="70" lv="10"></costResource>
        <costMaterial fromLevel="0"  toLevel="5"  kaiFa="1" kaiFaEnsure="2"  gaiXiu="1" gaiXiuEnsure="2"  equipIndex="3" equipCount="1"></costMaterial>
        <costMaterial fromLevel="6"  toLevel="9"  kaiFa="2" kaiFaEnsure="3"  gaiXiu="1" gaiXiuEnsure="2"  equipIndex="3" equipCount="2"></costMaterial>
        <available day="1" secretary="441"></available>
        <available day="2" secretary="441"></available>
        <available day="3" secretary="441"></available>
        <available day="4" secretary="441,442"></available>
        <available day="5" secretary="442"></available>
        <available day="6" secretary="442"></available>
        <available day="7" secretary="442"></available>
    </item>



    <!-- 15.2cm単装砲 -->
    <item index="11" nextIndex="65" nextInitialLevel="0">
        <costResource ranLiao="10" danYao="60" gang="90" lv="0"></costResource>
        <costMaterial fromLevel="0"  toLevel="5"  kaiFa="2" kaiFaEnsure="2"  gaiXiu="1" gaiXiuEnsure="2"></costMaterial>
        <costMaterial fromLevel="6"  toLevel="9"  kaiFa="2" kaiFaEnsure="3"  gaiXiu="2" gaiXiuEnsure="3"  equipIndex="11" equipCount="1"></costMaterial>
        <costMaterial fromLevel="10" toLevel="10" kaiFa="3" kaiFaEnsure="4" gaiXiu="3" gaiXiuEnsure="5"  equipIndex="11" equipCount="2"></costMaterial>
        <available day="1" secretary="137,78,27"></available>
        <available day="2" secretary="137,27"></available>
        <available day="3" secretary="27"></available>
        <available day="6" secretary="78"></available>
        <available day="7" secretary="137,78"></available>
    </item>



    <!-- OTO 152mm三連装速射砲 -->
    <item index="134">
        <costResource ranLiao="10" danYao="90" gang="120" lv="0"></costResource>
        <costMaterial fromLevel="0"  toLevel="5"  kaiFa="2" kaiFaEnsure="3"  gaiXiu="2" gaiXiuEnsure="3"></costMaterial>
        <costMaterial fromLevel="6"  toLevel="9"  kaiFa="3" kaiFaEnsure="4"  gaiXiu="3" gaiXiuEnsure="5"  equipIndex="5" equipCount="1"></costMaterial>
        <available day="1" secretary="442"></available>
        <available day="2" secretary="441"></available>
        <available day="3" secretary="441"></available>
        <available day="4" secretary="442"></available>
        <available day="5" secretary="442"></available>
        <available day="6" secretary="441"></available>
        <available day="7" secretary="441,442"></available>
    </item>



    <!-- 61cm三連装魚雷 -->
    <item index="13" nextIndex="125">
        <costResource ranLiao="50" danYao="70" gang="60" lv="20"></costResource>
        <costMaterial fromLevel="0"  toLevel="5"  kaiFa="1" kaiFaEnsure="2" gaiXiu="1" gaiXiuEnsure="1"></costMaterial>
        <costMaterial fromLevel="6"  toLevel="9"  kaiFa="2" kaiFaEnsure="3" gaiXiu="1" gaiXiuEnsure="2" equipIndex="13" equipCount="1"></costMaterial>
        <costMaterial fromLevel="10" toLevel="10" kaiFa="3" kaiFaEnsure="5" gaiXiu="2" gaiXiuEnsure="4" equipIndex="13" equipCount="2"></costMaterial>
        <available day="1" secretary="33"></available>
        <available day="2" secretary="33"></available>
        <available day="4" secretary="9"></available>
        <available day="5" secretary="9"></available>
        <available day="6" secretary="9"></available>
        <available day="7" secretary="33"></available>
    </item>



    <!-- 61cm三連装(酸素)魚雷 -->
    <item index="125" nextIndex="15" nextInitialLevel="5">
        <costResource ranLiao="60" danYao="90" gang="60" lv="20"></costResource>
        <costMaterial fromLevel="0"  toLevel="5"  kaiFa="1" kaiFaEnsure="2" gaiXiu="1" gaiXiuEnsure="1"></costMaterial>
        <costMaterial fromLevel="6"  toLevel="9"  kaiFa="2" kaiFaEnsure="3" gaiXiu="1" gaiXiuEnsure="2" equipIndex="13" equipCount="1"></costMaterial>
        <costMaterial fromLevel="10" toLevel="10" kaiFa="4" kaiFaEnsure="8" gaiXiu="3" gaiXiuEnsure="6" equipIndex="14" equipCount="2"></costMaterial>
        <available day="4" secretary="426"></available>
        <available day="5" secretary="426"></available>
        <available day="6" secretary="426"></available>
    </item>



    <!-- 61cm四連装魚雷 -->
    <item index="14" nextIndex="15" nextInitialLevel="3">
        <costResource ranLiao="70" danYao="100" gang="70" lv="20"></costResource>
        <costMaterial fromLevel="0"  toLevel="5"  kaiFa="1" kaiFaEnsure="2" gaiXiu="1" gaiXiuEnsure="2"></costMaterial>
        <costMaterial fromLevel="6"  toLevel="9"  kaiFa="2" kaiFaEnsure="3" gaiXiu="1" gaiXiuEnsure="2" equipIndex="14" equipCount="1"></costMaterial>
        <costMaterial fromLevel="10" toLevel="10" kaiFa="3" kaiFaEnsure="5" gaiXiu="3" gaiXiuEnsure="6" equipIndex="14" equipCount="2"></costMaterial>
        <available day="1"></available>
        <available day="2"></available>
        <available day="5"></available>
        <available day="6"></available>
        <available day="7"></available>
    </item>



    <!-- 61cm四連装(酸素)魚雷 -->
    <item index="15" nextIndex="58" nextInitialLevel="0">
        <costResource ranLiao="80" danYao="120" gang="80" lv="20"></costResource>
        <costMaterial fromLevel="0"  toLevel="5"  kaiFa="2" kaiFaEnsure="3"  gaiXiu="1" gaiXiuEnsure="2"></costMaterial>
        <costMaterial fromLevel="6"  toLevel="9"  kaiFa="4" kaiFaEnsure="8"  gaiXiu="2" gaiXiuEnsure="4"  equipIndex="15" equipCount="1"></costMaterial>
        <costMaterial fromLevel="10" toLevel="10" kaiFa="5" kaiFaEnsure="10" gaiXiu="5" gaiXiuEnsure="11" equipIndex="15" equipCount="3"></costMaterial>
        <available day="1" secretary="24,25"></available>
        <available day="2" secretary="24,25"></available>
        <available day="3" secretary="24,25"></available>
        <available day="4" secretary="24,25"></available>
        <available day="5" secretary="24,25"></available>
        <available day="6" secretary="24,25"></available>
        <available day="7" secretary="24,25"></available>
    </item>



    <!-- 61cm五連装(酸素)魚雷 -->
    <item index="58" isRare="1">
        <costResource ranLiao="100" danYao="150" gang="90" lv="30"></costResource>
        <costMaterial fromLevel="0"  toLevel="5"  kaiFa="3" kaiFaEnsure="4" gaiXiu="3" gaiXiuEnsure="5"></costMaterial>
        <costMaterial fromLevel="6"  toLevel="9"  kaiFa="5" kaiFaEnsure="9" gaiXiu="3" gaiXiuEnsure="7" equipIndex="58" equipCount="1"></costMaterial>
        <available day="3" secretary="50"></available>
        <available day="4" secretary="50"></available>
    </item>



    <!-- 九四式爆雷投射機 -->
    <item index="44" nextIndex="45" nextInitialLevel="3">
        <costResource ranLiao="10" danYao="60" gang="20" lv="20"></costResource>
        <costMaterial fromLevel="0"  toLevel="5"  kaiFa="1" kaiFaEnsure="2" gaiXiu="1" gaiXiuEnsure="2"></costMaterial>
        <costMaterial fromLevel="6"  toLevel="9"  kaiFa="2" kaiFaEnsure="3" gaiXiu="1" gaiXiuEnsure="3" equipIndex="44" equipCount="1"></costMaterial>
        <costMaterial fromLevel="10" toLevel="10" kaiFa="3" kaiFaEnsure="6" gaiXiu="3" gaiXiuEnsure="8" equipIndex="44" equipCount="2"></costMaterial>
        <available day="3"></available>
        <available day="4"></available>
    </item>



    <!-- 三式爆雷投射機 -->
    <item index="45" isRare="1">
        <costResource ranLiao="10" danYao="80" gang="20" lv="30"></costResource>
        <costMaterial fromLevel="0"  toLevel="5"  kaiFa="3" kaiFaEnsure="3" gaiXiu="2" gaiXiuEnsure="3"></costMaterial>
        <costMaterial fromLevel="6"  toLevel="9"  kaiFa="3" kaiFaEnsure="5" gaiXiu="2" gaiXiuEnsure="4" equipIndex="45" equipCount="1"></costMaterial>
        <available day="3" secretary="141"></available>
        <available day="4" secretary="141"></available>
    </item>



    <!-- 九三式水中聴音機 - 三式水中探信儀 -->
    <item index="46" nextIndex="47" nextInitialLevel="3">
        <costResource ranLiao="10" danYao="0" gang="30" lv="30"></costResource>
        <costMaterial fromLevel="0"  toLevel="5"  kaiFa="2" kaiFaEnsure="2" gaiXiu="1" gaiXiuEnsure="2"></costMaterial>
        <costMaterial fromLevel="6"  toLevel="9"  kaiFa="3" kaiFaEnsure="4" gaiXiu="2" gaiXiuEnsure="3" equipIndex="46" equipCount="1"></costMaterial>
        <costMaterial fromLevel="10" toLevel="10" kaiFa="6" kaiFaEnsure="9" gaiXiu="3" gaiXiuEnsure="5" equipIndex="46" equipCount="2"></costMaterial>
        <available day="1" secretary="141"></available>
        <available day="5" secretary="115"></available>
        <available day="6" secretary="115"></available>
        <available day="7" secretary="115"></available>
    </item>



    <!-- 九三式水中聴音機 - 四式水中聴音機 -->
    <item index="46" nextIndex="149" nextInitialLevel="0">
        <costResource ranLiao="10" danYao="0" gang="30" lv="30"></costResource>
        <costMaterial fromLevel="0"  toLevel="5"  kaiFa="2" kaiFaEnsure="2" gaiXiu="1" gaiXiuEnsure="2"></costMaterial>
        <costMaterial fromLevel="6"  toLevel="9"  kaiFa="3" kaiFaEnsure="4" gaiXiu="2" gaiXiuEnsure="3" equipIndex="46" equipCount="1"></costMaterial>
        <costMaterial fromLevel="10" toLevel="10" kaiFa="10" kaiFaEnsure="20" gaiXiu="6" gaiXiuEnsure="12" equipIndex="47" equipCount="2"></costMaterial>
        <available day="4" secretary="145,141"></available>
        <available day="5" secretary="145,141,343"></available>
        <available day="6" secretary="145,343"></available>
        <available day="7" secretary="145,343"></available>
    </item>



    <!-- 三式水中探信儀 -->
    <item index="47" isRare="1">
        <costResource ranLiao="10" danYao="0" gang="30" lv="50"></costResource>
        <costMaterial fromLevel="0"  toLevel="5"  kaiFa="4" kaiFaEnsure="5" gaiXiu="2" gaiXiuEnsure="3"></costMaterial>
        <costMaterial fromLevel="6"  toLevel="9"  kaiFa="5" kaiFaEnsure="7" gaiXiu="3" gaiXiuEnsure="5" equipIndex="47" equipCount="1"></costMaterial>
        <available day="7" secretary="141"></available>
        <available day="2" secretary="141,115"></available>
        <available day="3" secretary="141,115"></available>
    </item>



    <!-- 四式水中聴音機 -->
    <item index="149" isRare="1">
        <costResource ranLiao="10" danYao="0" gang="50" lv="60"></costResource>
        <costMaterial fromLevel="0"  toLevel="5"  kaiFa="5" kaiFaEnsure="7" gaiXiu="3" gaiXiuEnsure="5" equipIndex="46" equipCount="2"></costMaterial>
        <costMaterial fromLevel="6"  toLevel="9"  kaiFa="6" kaiFaEnsure="10" gaiXiu="4" gaiXiuEnsure="6" equipIndex="149" equipCount="1"></costMaterial>
        <available day="1" secretary="343"></available>
        <available day="2" secretary="343"></available>
        <available day="3" secretary="422"></available>
        <available day="4" secretary="141"></available>
        <available day="5" secretary="141"></available>
        <available day="6" secretary="141"></available>
        <available day="7" secretary="421"></available>
    </item>



    <!-- 九一式徹甲弾 -->
    <item index="36" nextIndex="116">
        <costResource ranLiao="30" danYao="150" gang="310" lv="10"></costResource>
        <costMaterial fromLevel="0"  toLevel="5"  kaiFa="2" kaiFaEnsure="3" gaiXiu="1" gaiXiuEnsure="1"></costMaterial>
        <costMaterial fromLevel="6"  toLevel="9"  kaiFa="3" kaiFaEnsure="5" gaiXiu="1" gaiXiuEnsure="2" equipIndex="36" equipCount="1"></costMaterial>
        <costMaterial fromLevel="10" toLevel="10" kaiFa="6" kaiFaEnsure="9" gaiXiu="4" gaiXiuEnsure="9" equipIndex="36" equipCount="3"></costMaterial>
        <available day="1" secretary="85"></available>
        <available day="3" secretary="86"></available>
        <available day="4" secretary="86"></available>
        <available day="5" secretary="85,86"></available>
        <available day="6" secretary="85,86"></available>
        <available day="7" secretary="85"></available>
    </item>



    <!-- 一式徹甲弾 -->
    <item index="116" isRare="1">
        <costResource ranLiao="30" danYao="170" gang="330" lv="20"></costResource>
        <costMaterial fromLevel="0"  toLevel="5"  kaiFa="3" kaiFaEnsure="5" gaiXiu="1" gaiXiuEnsure="1" equipIndex="36" equipCount="2"></costMaterial>
        <costMaterial fromLevel="6"  toLevel="9"  kaiFa="4" kaiFaEnsure="6" gaiXiu="2" gaiXiuEnsure="4" equipIndex="116" equipCount="1"></costMaterial>
        <available day="1" secretary="79"></available>
        <available day="2" secretary="79"></available>
        <available day="3" secretary="79"></available>
        <available day="5" secretary="78"></available>
        <available day="6" secretary="78"></available>
        <available day="7" secretary="78"></available>
    </item>



    <!-- 探照灯 -->
    <item index="74" nextIndex="140">
        <costResource ranLiao="10" danYao="0" gang="30" lv="20"></costResource>
        <costMaterial fromLevel="0"  toLevel="5"  kaiFa="3" kaiFaEnsure="3" gaiXiu="2" gaiXiuEnsure="3"></costMaterial>
        <costMaterial fromLevel="6"  toLevel="9"  kaiFa="3" kaiFaEnsure="5" gaiXiu="2" gaiXiuEnsure="4" equipIndex="74" equipCount="1"></costMaterial>
        <costMaterial fromLevel="10" toLevel="10" kaiFa="5" kaiFaEnsure="10" gaiXiu="3" gaiXiuEnsure="7" equipIndex="129" equipCount="1"></costMaterial>
        <available day="1" secretary="13,61"></available>
        <available day="2" secretary="13,61"></available>
        <available day="3" secretary="13,61"></available>
        <available day="4" secretary="34"></available>
        <available day="5" secretary="34,55"></available>
        <available day="6" secretary="34,55"></available>
        <available day="7" secretary="55"></available>
    </item>



    <!-- 96式150cm探照灯 -->
    <item index="140" isRare="1">
        <costResource ranLiao="20" danYao="0" gang="70" lv="30"></costResource>
        <costMaterial fromLevel="0"  toLevel="5"  kaiFa="4" kaiFaEnsure="5" gaiXiu="3" gaiXiuEnsure="4" equipIndex="74" equipCount="1"></costMaterial>
        <costMaterial fromLevel="6"  toLevel="9"  kaiFa="5" kaiFaEnsure="10" gaiXiu="3" gaiXiuEnsure="7"></costMaterial>
        <available day="1" secretary="86"></available>
        <available day="2" secretary="85"></available>
        <available day="3" secretary="85"></available>
        <available day="4" secretary="85"></available>
        <available day="5" secretary="86,85"></available>
        <available day="6" secretary="86"></available>
        <available day="7" secretary="86"></available>
    </item>



    <!-- 13号対空電探 -->
    <item index="27" nextIndex="106">
        <costResource ranLiao="10" danYao="0" gang="20" lv="30"></costResource>
        <costMaterial fromLevel="0"  toLevel="5"  kaiFa="4" kaiFaEnsure="5" gaiXiu="2" gaiXiuEnsure="3"></costMaterial>
        <costMaterial fromLevel="6"  toLevel="9"  kaiFa="5" kaiFaEnsure="7" gaiXiu="3" gaiXiuEnsure="5" equipIndex="27" equipCount="1"></costMaterial>
        <costMaterial fromLevel="10" toLevel="10" kaiFa="10" kaiFaEnsure="15" gaiXiu="5" gaiXiuEnsure="12" equipIndex="89" equipCount="1"></costMaterial>
        <available day="1" secretary="141,422"></available>
        <available day="2" secretary="421,422"></available>
        <available day="3" secretary="421,422"></available>
        <available day="4" secretary="145,421"></available>
        <available day="5" secretary="145,141"></available>
        <available day="6" secretary="145,141"></available>
        <available day="7" secretary="145,141"></available>
    </item>



    <!-- 13号対空電探改 -->
    <item index="106" isRare="1">
        <costResource ranLiao="10" danYao="0" gang="30" lv="40"></costResource>
        <costMaterial fromLevel="0"  toLevel="5"  kaiFa="5" kaiFaEnsure="7" gaiXiu="3" gaiXiuEnsure="4" equipIndex="27" equipCount="1"></costMaterial>
        <costMaterial fromLevel="6"  toLevel="9"  kaiFa="7" kaiFaEnsure="9" gaiXiu="4" gaiXiuEnsure="8" equipIndex="27" equipCount="2"></costMaterial>
        <available day="1" secretary="20"></available>
        <available day="2" secretary="20"></available>
        <available day="3" secretary="20"></available>
        <available day="4" secretary="320"></available>
        <available day="5" secretary="320,419"></available>
        <available day="6" secretary="320,419"></available>
        <available day="7" secretary="419,20"></available>
    </item>



    <!-- 21号対空電探 -->
    <item index="30" nextIndex="89">
        <costResource ranLiao="10" danYao="0" gang="40" lv="50"></costResource>
        <costMaterial fromLevel="0"  toLevel="5"  kaiFa="5" kaiFaEnsure="6" gaiXiu="2" gaiXiuEnsure="3"></costMaterial>
        <costMaterial fromLevel="6"  toLevel="9"  kaiFa="6" kaiFaEnsure="8" gaiXiu="3" gaiXiuEnsure="5" equipIndex="30" equipCount="1"></costMaterial>
        <costMaterial fromLevel="10" toLevel="10" kaiFa="12" kaiFaEnsure="16" gaiXiu="5" gaiXiuEnsure="13" equipIndex="30" equipCount="2"></costMaterial>
        <available day="1" secretary="77"></available>
        <available day="3" secretary="87"></available>
        <available day="4" secretary="87"></available>
        <available day="5" secretary="77,87"></available>
        <available day="6" secretary="77,87"></available>
        <available day="7" secretary="77"></available>
    </item>



    <!-- 21号対空電探改 -->
    <item index="89" isRare="1">
        <costResource ranLiao="10" danYao="0" gang="60" lv="70"></costResource>
        <costMaterial fromLevel="0"  toLevel="5"  kaiFa="6" kaiFaEnsure="8" gaiXiu="2" gaiXiuEnsure="3" equipIndex="30" equipCount="1"></costMaterial>
        <costMaterial fromLevel="6"  toLevel="9"  kaiFa="10" kaiFaEnsure="12" gaiXiu="4" gaiXiuEnsure="8" equipIndex="30" equipCount="2"></costMaterial>
        <available day="2" secretary="143"></available>
        <available day="3" secretary="143"></available>
        <available day="4" secretary="131,143"></available>
        <available day="5" secretary="131,143"></available>
        <available day="6" secretary="131"></available>
        <available day="7" secretary="131"></available>
    </item>



    <!-- 22号対水上電探 -->
    <item index="28" nextIndex="88">
        <costResource ranLiao="10" danYao="0" gang="30" lv="30"></costResource>
        <costMaterial fromLevel="0"  toLevel="5"  kaiFa="4" kaiFaEnsure="5" gaiXiu="2" gaiXiuEnsure="3" equipIndex="28" equipCount="1"></costMaterial>
        <costMaterial fromLevel="6"  toLevel="9"  kaiFa="7" kaiFaEnsure="10" gaiXiu="3" gaiXiuEnsure="5" equipIndex="28" equipCount="2"></costMaterial>
        <costMaterial fromLevel="10" toLevel="10" kaiFa="10" kaiFaEnsure="20" gaiXiu="8" gaiXiuEnsure="14" equipIndex="28" equipCount="3"></costMaterial>
        <available day="1" secretary="87,133"></available>
        <available day="2" secretary="133"></available>
        <available day="3" secretary="50"></available>
        <available day="4" secretary="50"></available>
        <available day="5" secretary="87,133,50"></available>
        <available day="6" secretary="87,133,50"></available>
        <available day="7" secretary="87"></available>
    </item>



    <!-- 22号対水上電探改四 -->
    <item index="88" isRare="1">
        <costResource ranLiao="10" danYao="0" gang="40" lv="40"></costResource>
        <costMaterial fromLevel="0"  toLevel="5"  kaiFa="5" kaiFaEnsure="8" gaiXiu="3" gaiXiuEnsure="4" equipIndex="28" equipCount="1"></costMaterial>
        <costMaterial fromLevel="6"  toLevel="9"  kaiFa="8" kaiFaEnsure="10" gaiXiu="4" gaiXiuEnsure="8" equipIndex="88" equipCount="1"></costMaterial>
        <available day="1" secretary="194"></available>
        <available day="2" secretary="149"></available>
        <available day="3" secretary="149"></available>
        <available day="4" secretary="319,149"></available>
        <available day="5" secretary="319,194,149"></available>
        <available day="6" secretary="319,194"></available>
        <available day="7" secretary="319,194"></available>
    </item>



    <!-- 32号対水上電探 -->
    <item index="31" nextIndex="141" isRare="1">
        <costResource ranLiao="10" danYao="0" gang="60" lv="50"></costResource>
        <costMaterial fromLevel="0"  toLevel="5"  kaiFa="6" kaiFaEnsure="10" gaiXiu="3" gaiXiuEnsure="4" equipIndex="28" equipCount="1"></costMaterial>
        <costMaterial fromLevel="6"  toLevel="9"  kaiFa="12" kaiFaEnsure="15" gaiXiu="4" gaiXiuEnsure="7" equipIndex="28" equipCount="2"></costMaterial>
        <costMaterial fromLevel="10" toLevel="10" kaiFa="15" kaiFaEnsure="22" gaiXiu="10" gaiXiuEnsure="15" equipIndex="31" equipCount="1"></costMaterial>
        <available day="1" secretary="87"></available>
        <available day="2" secretary="87"></available>
        <available day="3" secretary="77"></available>
        <available day="4" secretary="77"></available>
        <available day="5" secretary="77"></available>
        <available day="6" secretary="77"></available>
        <available day="7" secretary="87"></available>
    </item>



    <!-- 32号対水上電探改 -->
    <item index="141" isRare="1">
        <costResource ranLiao="10" danYao="0" gang="100" lv="80"></costResource>
        <costMaterial fromLevel="0"  toLevel="5"  kaiFa="10" kaiFaEnsure="15" gaiXiu="5" gaiXiuEnsure="6" equipIndex="28" equipCount="3"></costMaterial>
        <costMaterial fromLevel="6"  toLevel="9"  kaiFa="14" kaiFaEnsure="18" gaiXiu="7" gaiXiuEnsure="10" equipIndex="31" equipCount="1"></costMaterial>
        <available day="1" secretary="77"></available>
        <available day="2" secretary="77"></available>
        <available day="3" secretary="87"></available>
        <available day="4" secretary="87"></available>
        <available day="5" secretary="87"></available>
        <available day="6" secretary="87"></available>
        <available day="7" secretary="77"></available>
    </item>



    <!-- 零式水上偵察機 -->
    <!-- TODO -->
    <item index="25" nextIndex="165">
        <costResource ranLiao="90" danYao="20" gang="0" lv="300"></costResource>
        <costMaterial fromLevel="0"  toLevel="5"  kaiFa="4" kaiFaEnsure="6" gaiXiu="2" gaiXiuEnsure="3" equipIndex="25" equipCount="1"></costMaterial>
        <costMaterial fromLevel="6"  toLevel="9"  kaiFa="5" kaiFaEnsure="8" gaiXiu="3" gaiXiuEnsure="5" equipIndex="25" equipCount="2"></costMaterial>
        <costMaterial fromLevel="10" toLevel="10" kaiFa="9" kaiFaEnsure="15" gaiXiu="5" gaiXiuEnsure="10" equipIndex="20" equipCount="3"></costMaterial>
        <available day="1" secretary="451"></available>
        <available day="2" secretary="451"></available>
        <available day="5" secretary="106,450,451"></available>
        <available day="6" secretary="106,450,451"></available>
        <available day="7" secretary="450,451"></available>
    </item>



    <!-- 零式水上観測機 -->
    <item index="59" isRare="1">
        <costResource ranLiao="90" danYao="40" gang="0" lv="270"></costResource>
        <costMaterial fromLevel="0"  toLevel="5"  kaiFa="4" kaiFaEnsure="6" gaiXiu="3" gaiXiuEnsure="5" equipIndex="26" equipCount="1"></costMaterial>
        <costMaterial fromLevel="6"  toLevel="9"  kaiFa="6" kaiFaEnsure="9" gaiXiu="4" gaiXiuEnsure="7" equipIndex="59" equipCount="1"></costMaterial>
        <available day="1" secretary="451"></available>
        <available day="2" secretary="451"></available>
        <available day="3" secretary="451"></available>
        <available day="4" secretary="143"></available>
        <available day="5" secretary="143"></available>
        <available day="6" secretary="451,143"></available>
        <available day="7" secretary="451"></available>
    </item>



    <!-- Ro.43水偵 -->
    <item index="163" nextIndex="164">
        <costResource ranLiao="60" danYao="30" gang="0" lv="180"></costResource>
        <costMaterial fromLevel="0"  toLevel="5"  kaiFa="3" kaiFaEnsure="5" gaiXiu="1" gaiXiuEnsure="2" equipIndex="25" equipCount="1"></costMaterial>
        <costMaterial fromLevel="6"  toLevel="9"  kaiFa="4" kaiFaEnsure="6" gaiXiu="2" gaiXiuEnsure="4" equipIndex="26" equipCount="1"></costMaterial>
        <costMaterial fromLevel="10" toLevel="10" kaiFa="5" kaiFaEnsure="10" gaiXiu="3" gaiXiuEnsure="5" equipIndex="25" equipCount="2"></costMaterial>
        <available day="1" secretary="358"></available>
        <available day="2" secretary="358,447"></available>
        <available day="3" secretary="358,447"></available>
        <available day="4" secretary="358"></available>
        <available day="5" secretary="358"></available>
        <available day="6" secretary="446"></available>
        <available day="7" secretary="446"></available>
    </item>





    <!--  -->
    <!--
    <item index="" nextIndex="" nextInitialLevel="" isRare="">
        <costResource ranLiao="" danYao="" gang="" lv=""></costResource>
        <costMaterial fromLevel="" toLevel="" kaiFa="" kaiFaEnsure="" gaiXiu="" gaiXiuEnsure="" equipIndex="" equipCount=""></costMaterial>
        <available day="" secretary=""></available>
    </item>
     -->
</EquipLevelup>