<LimitedVoice>
    <item index="1"  name="2015年 2周年纪念" url="http://zh.kcwiki.moe/wiki/%E5%AD%A3%E8%8A%82%E6%80%A7/2%E5%91%A8%E5%B9%B4%E7%BA%AA%E5%BF%B5#.E8.AF.AD.E9.9F.B3"></item>

    <item index="2"  name="2015年 梅雨季节" url="http://zh.kcwiki.moe/wiki/%E5%AD%A3%E8%8A%82%E6%80%A7/2015%E5%B9%B4%E6%A2%85%E9%9B%A8%E5%AD%A3%E8%8A%82#.E8.AF.AD.E9.9F.B3"></item>

    <item index="3"  name="2015年 初夏季节" url="http://zh.kcwiki.moe/wiki/%E5%AD%A3%E8%8A%82%E6%80%A7/2015%E5%B9%B4%E5%88%9D%E5%A4%8F%E5%AD%A3%E8%8A%82#.E8.AF.AD.E9.9F.B3"></item>

    <item index="4"  name="2015年 盛夏季节" url="http://zh.kcwiki.moe/wiki/%E5%AD%A3%E8%8A%82%E6%80%A7/2015%E5%B9%B4%E7%9B%9B%E5%A4%8F%E5%AD%A3%E8%8A%82#.E8.AF.AD.E9.9F.B3"></item>

    <item index="5"  name="2015年 初秋季节" url="http://zh.kcwiki.moe/wiki/%E5%AD%A3%E8%8A%82%E6%80%A7/2015%E5%B9%B4%E5%88%9D%E7%A7%8B%E5%AD%A3%E8%8A%82#.E8.AF.AD.E9.9F.B3"></item>

    <item index="6"  name="2015年 秋刀鱼祭典" url="http://zh.kcwiki.moe/wiki/%E5%AD%A3%E8%8A%82%E6%80%A7/2015%E5%B9%B4%E7%A7%8B%E5%88%80%E9%B1%BC%E7%A5%AD%E5%85%B8#.E7.A7.8B.E5.88.80.E9.B1.BC.E7.A5.AD.E5.85.B8.E9.99.90.E5.AE.9A.E5.8F.B0.E8.AF.8D"></item>

    <item index="7"  name="2015年 圣诞节" url="http://zh.kcwiki.moe/wiki/%E5%AD%A3%E8%8A%82%E6%80%A7/2015%E5%B9%B4%E5%9C%A3%E8%AF%9E%E8%8A%82#.E5.9C.A3.E8.AF.9E.E8.AF.AD.E9.9F.B3.E8.88.B0.E5.8F.AA"></item>

    <item index="8"  name="2016年 新年季节" url="http://zh.kcwiki.moe/wiki/%E5%AD%A3%E8%8A%82%E6%80%A7/2016%E5%B9%B4%E6%96%B0%E5%B9%B4%E5%AD%A3%E8%8A%82#2016.E5.B9.B4.E6.96.B0.E5.B9.B4.E9.99.90.E5.AE.9A.E8.AF.AD.E9.9F.B3"></item>

    <item index="9"  name="2016年 节分季节" url="http://zh.kcwiki.moe/wiki/%E5%AD%A3%E8%8A%82%E6%80%A7/2016%E5%B9%B4%E8%8A%82%E5%88%86%E5%AD%A3%E8%8A%82#.E8.AF.AD.E9.9F.B3"></item>

    <item index="10" name="2016年 情人节" url="http://zh.kcwiki.moe/wiki/%E5%AD%A3%E8%8A%82%E6%80%A7/2016%E5%B9%B4%E6%83%85%E4%BA%BA%E8%8A%82#.E8.AF.AD.E9.9F.B3"></item>

    <item index="11" name="2016年 女儿节" url="http://zh.kcwiki.moe/wiki/%E5%AD%A3%E8%8A%82%E6%80%A7/2016%E5%B9%B4%E5%A5%B3%E5%84%BF%E8%8A%82#2016.E5.B9.B4.E5.A5.B3.E5.84.BF.E8.8A.82.E9.99.90.E5.AE.9A.E8.AF.AD.E9.9F.B3"></item>

    <item index="12" name="2016年 白色情人节" url="http://zh.kcwiki.moe/wiki/%E5%AD%A3%E8%8A%82%E6%80%A7/2016%E5%B9%B4%E7%99%BD%E8%89%B2%E6%83%85%E4%BA%BA%E8%8A%82#2016.E5.B9.B4.E6.96.B0.E8.AF.AD.E9.9F.B3"></item>



    <!-- <item index="" name=""></item> -->
</LimitedVoice>