{
    "logs" : [
              {
              "date" : "2016-03-16",
              "content" : "1、更新海域以及攻略：\n● 6-4「中部北海域ピーコック島沖」"
              },
              {
              "date" : "2016-03-15",
              "content" : "1、改修工厂更新：\n●「25mm単装機銃」\n●「25mm連装機銃」\n●「試製35.6cm三連装砲」\n●「35.6cm連装砲(ダズル迷彩)」\n●「試製41cm三連装砲」\n●「零式水上偵察機」\n●「零式水上観測機」\n●「Ro.43水偵」\n\n2、更新装备：\n●「25mm単装機銃」\n\n3、更新任务：\n\n● A66 「第三十一戦隊(第一次)」を編成せよ！\n● A67 「第二七駆逐隊」を編成せよ！\n● B58 旗艦「霞」北方海域を哨戒せよ！\n● B59 旗艦「霞」出撃！敵艦隊を撃滅せよ！\n● B60 「第三十一戦隊」出撃せよ！\n● B61 「第二七駆逐隊」出撃せよ！\n\nPS. 刚斩掉6-4，_(:3 」∠)_容我缓一缓明天再更（昨晚攒rp果然有用）"
              },
              {
              "date" : "2016-03-14",
              "content" : "1、更新舰船\n●「霞改二」\n●「霞改二乙」\n●「皐月改二」\n●「Zara」\n●「沖波」\n●「初月」\n\n2、更新装备：\n●「16inch三連装砲 Mk.7」\n●「203mm/53 連装砲」\n●「Ro.43水偵」\n●「Ro.44水上戦闘機」\n●「二式水戦改」\n\n3、更新限定立绘：\n\n●「瑞穂」\n●「清霜」\n●「衣笠」\n●「春雨」\n●「曙」\n●「弥生」\n●「卯月」\n●「鹿島」\n●「大淀」\n●「明石」\n●「時雨」\n●「龍驤」"
              },
              {
              "date" : "2016-01-01",
              "content" : "1、更新限定立绘：\n\n●「北方棲姫」\n●「鹿島」\n●「夕雲」\n●「巻雲」\n●「大鯨」\n●「潮」\n●「扶桑」\n●「山城」\n●「天城」\n●「伊401」\n●「瑞鳳」\n●「香取」\n●「秋津洲」\n●「瑞穂」\n●「子日」\n●「曙」\n\n2、更新任务：\n\n● SB08 謹賀新年！「水雷戦隊」出撃始め！\n● SB09 新年の「伊良湖」のお手伝い！\n● SB10 漲る戦艦魂！大艦巨砲なお正月！\n● SB11 迎春！「機動部隊」抜錨せよ！"
              },
              {
              "date" : "2015-12-13",
              "content" : "1、更新圣诞限定立绘：\n\n●「大淀」\n●「Littorio」\n●「谷風」\n●「江風」\n●「初風」\n●「朧」\n\n2、更新任务：\n\n● A63 「第十六戦隊(第二次)」を編成せよ！\n● A64 「新編成航空戦隊」を編成せよ！\n● A65 精強な「水上反撃部隊」を再編成せよ！\n● B55 「第十六戦隊(第二次)」出撃せよ！\n● B56 新編成航空戦隊、北方へ進出せよ！\n● B57 「礼号作戦」実施せよ！"
              },
              {
              "date" : "2015-11-21",
              "content" : "1、更新15年秋季活动海域信息以及初步攻略\n\n2、更新舰船：\n\n●「Graf Zeppelin」\n●「鹿島」\n●「萩風」\n●「嵐」\n\n3、更新装备：\n\n●「Bf109T改」\n●「Fw190T改」\n●「10.5cm連装砲」"
              },
              {
              "date" : "2015-10-30",
              "content" : "1、更新万圣节限定立绘：\n●「Roma」\n●「Libeccio」\n\n2、更新舰船\n●「瑞鶴改二」\n●「瑞鶴改二甲」\n\n3、更新装备：\n●「零式艦戦52型(熟練)」\n●「零戦52型丙(付岩井小隊)」\n●「零戦62型(爆戦/岩井隊)」\n●「零戦21型(付岩本小隊)」\n●「零戦52型甲(付岩本小隊)」\n●「零式艦戦53型(岩本隊)」\n\n4、新增任务：\n●A59 「第三航空戦隊」を編成せよ！\n●A60 「第四航空戦隊」を編成せよ！\n●A61 「小沢艦隊」を編成せよ！\n●A62 新航空戦隊を編成せよ！\n●B53 「第三航空戦隊」南西諸島防衛線に出撃！\n●B54 「小沢艦隊」出撃せよ！\n●F22 精鋭「艦戦」隊の新編成\n●F23 試製航空艤装の追加試作\n●F24 機種転換\n●F25 機種転換\n●F26 「艦戦」隊の再編成\n●F27 機種転換＆部隊再編\n●F28 「艦戦」隊の再編成\n●F29 機種転換\n●F30 機種転換＆部隊再編"
              },
              {
              "date" : "2015-10-22",
              "content" : "1、更新装备：\n●「試製景雲(艦偵型)」\n\n2、更新九月排位奖励"
              },
              {
              "date" : "2015-10-14",
              "content" : "1、修正部分数据错误\n\n2、开放1-4区的战果查询"
              },
              {
              "date" : "2015-10-09",
              "content" : "1、更新秋刀鱼限定立绘：\n●「磯風」\n●「村雨」\n●「潮」\n●「曙」\n●「北方棲姫」\n\n2、更新装备：\n●「秋刀魚の缶詰」\n\n3、新增任务：\n●SB03 秋刀魚漁：「秋刀魚」を収穫しよう！\n●SB04 秋刀魚漁：「秋刀魚」をもっと収穫しなきゃ！\n●SB05 秋刀魚漁：もっと頑張ってもいいのよ！"
              },
              {
              "date" : "2015-10-04",
              "content" : "1、更新限定立绘：\n●「Z1」\n\n2、更新任务：\n●D19 機動部隊の運用を強化せよ！\n●F21 試作艤装の準備\n\n3、更新改修工厂：\n●「四式水中聴音機」\n●「九三式水中聴音機」\n\n4、增加駆逐艦「秋雲」、練習巡洋艦「香取」的建造公式，点击舰船详细界面的入手方法一栏即可查看\n\n5、修正部分数据错误"
              },
              {
              "date" : "2015-09-25",
              "content" : "1、更新舰船：\n●「翔鶴改二」\n●「翔鶴改二甲」\n\n2、更新秋季限定立绘：\n●「千歳」\n●「千代田」\n●「雷」\n●「電」\n●「春雨」\n●「球磨」\n●「多摩」\n\n3、更新装备：\n●「試製南山」\n●「四式水中聴音機」\n\n4、新增任务：\n●A56 「第五航空戦隊」を再編成せよ！\n●A57 新編「第二一戦隊」出撃準備！\n●A58 「第十六戦隊(第一次)」を編成せよ！\n●B50 「第五航空戦隊」珊瑚諸島沖に出撃せよ！\n●B51 新編「第二一戦隊」北方へ出撃せよ！\n●B52 「第十六戦隊(第一次)」出撃せよ！\n●D19 機動部隊の運用を強化せよ！\n●F19 精鋭「九七式艦攻」部隊の編成\n●F20 機種転換"
              },
              {
              "date" : "2015-09-12",
              "content" : "1、更新任务：\n● B48「鎮守府正面の対潜哨戒を強化せよ！」\n● B49「「空母機動部隊」北方海域に進出せよ！」\n● C8「精鋭艦隊演習」\n\n2、修正改修工厂照月为僚舰时的数据"
              },
              {
              "date" : "2015-09-07",
              "content" : "1、更新季节限定立绘：\n●「神通改二」\n●「大淀改」\n●「長良」\n●「名取」\n●「瑞穂」\n●「江風」\n●「浦風」\n●「浜風」\n●「朧」\n\n2、修正部分数据错误"
              },
              {
              "date" : "2015-08-16",
              "content" : "1、更新夏季活动海域E1-E7攻略"
              },
              {
              "date" : "2015-08-15",
              "content" : "1、更新舰船：\n\n●「江風」\n●「速吸」\n●「Libeccio」\n●「照月」\n●「瑞穂」\n●「海風」\n●「風雲」\n\n2、更新装备：\n\n●「九七式艦攻(村田隊)」\n●「天山一二型(村田隊)」\n\n3、更新15年夏季活动海域信息"
              },
              {
              "date" : "2015-07-31",
              "content" : "1、更新夏季限定立绘：\n●「龍田」\n●「天城改」\n\n2、「阿賀野」型軽巡洋艦和驱逐舰「Верный」数据微调"
              },
              {
              "date" : "2015-07-21",
              "content" : "1、更新装备：\n●「15m二重測距儀+21号電探改二」\n\n2、更新六月排位奖励"
              },
              {
              "date" : "2015-07-17",
              "content" : "1、更新舰船：\n●「阿武隈改二」\n\n2、更新夏季限定立绘：\n●「天龍」\n●「時雨改二」\n●「夕立改二」\n●「明石」\n●「Littorio」\n●「Italia」\n\n3、改修工厂增加：\n●「32号対水上電探」\n●「32号対水上電探改」\n\n4、北方海域【3-2】キス島沖带路条件更新\n\n5、新增任务：\n●A54 「第一水雷戦隊」北方突入準備！\n●B46 「第一水雷戦隊」ケ号作戦、突入せよ！\n●C7 北方再突入に備え、練度向上に努めよ！\n●A55 「第一水雷戦隊」北方再突入準備！\n●B47 「第一水雷戦隊」北方ケ号作戦、再突入！"
              },
              {
              "date" : "2015-07-10",
              "content" : "修正部分数据错误"
              },
              {
              "date" : "2015-06-26",
              "content" : "1、改修工厂增加：\n●「22号対水上電探」\n●「22号対水上電改四」\n\n2、新海域实装：\n6-3「K作戦」\n\n3、更新限定立绘：\n●「祥鳳改」\n●「白露改」\n●「村雨改」\n●「朧」\n●「曙」\n●「漣」\n●「潮」\n●「潮改二」"
              },
              {
              "date" : "2015-06-20",
              "content" : "1、改修工厂增加：\n●「13号対空電探」\n●「13号対空電探改」\n●「21号対空電探」\n●「21号対空電探改」\n\n2、4-5海域内容更新"
              },
              {
              "date" : "2015-06-12",
              "content" : "1、更新舰船：\n●「加古改二」\n\n2、新海域实装：\n#4-5「深海東洋艦隊漸減作戦」(Extra Operation)"
              },
              {
              "date" : "2015-05-28",
              "content" : "1、更新装备：\n●「96式150cm探照灯」\n\n2、改修工厂增加：\n●「15.2cm連装砲」\n●「15.2cm連装砲改」\n●「探照灯」\n●「96式150cm探照灯」\n\n3、更新任务：\n●A52 海上突入部隊を編成せよ！\n●A53 新編「第六駆逐隊」を編成せよ！\n●B44 海上突入部隊、進発せよ！\n●B45 「第六駆逐隊」対潜哨戒を徹底なのです！\n\n4、更新舰船：\n●「暁改二」\n\n5、更新梅雨季节限定立绘：\n●「村雨改」\n●「祥鳳改」"
              },
              {
              "date" : "2015-05-20",
              "content" : "1、更新装备：\n●「15.2cm連装砲改」\n\n2、更新远征：\n●「24.北方航路海上護衛」\n●「40.水上機前線輸送」"
              },
              {
              "date" : "2015-05-19",
              "content" : "1、改修工厂增加：\n●試製51cm連装砲\n●15.2cm単装砲\n2、增加「高波」梅雨季节限定立绘"
              },
              {
              "date" : "2015-05-08",
              "content" : "1、更新部分新船99级回避、索敌、对潜属性值\n2、更新部分活动图掉落信息\n3、修复几处错误"
              },
              {
              "date" : "2015-05-05",
              "content" : "1、改修工厂增加：\n●「381mm/50 三連装砲」\n●「381mm/50 三連装砲改」\n●「90mm単装高角砲」\n●「OTO 152mm三連装速射砲」"
              },
              {
              "date" : "2015-04-30",
              "content" : "1、更新春季活动E1-E6图信息\n2、更新五个新装备数据\n3、更新五艘新舰娘数据"
              },
              {
              "date" : "2015-04-22",
              "content" : "1、更新「睦月改二」「如月改二」数据\n2、修复部分图鉴缺失问题\n3、修复任务详细中的道具奖励显示"
              },
              {
              "date" : "2015-04-20",
              "content" : "1、新装备[試作主砲] 381mm/50 三連装砲\n2、由于v1.6版本客户端在iOS7系统下点击任务会闪退，只能临时屏蔽任务详细里的奖励资材一栏，下个版本会再开放，非常抱歉"
              },
              {
              "date" : "2015-04-10",
              "content" : "1、驱逐舰「叢雲改二」\n2、新增三个新任务\n3、新海域1-6「鎮守府近海航路」实装"
              },
              {
              "date" : "2015-03-30",
              "content" : "1、修正「鸟海改二」数据错误"
              },
              {
              "date" : "2015-03-27",
              "content" : "1、重巡洋舰「鸟海」改二实装\n2、新增六个新任务"
              },
              {
              "date" : "2015-03-20",
              "content" : "1、更新装备「零式水中聴音機」\n2、修正部分数据错误"
              },
              {
              "date" : "2015-03-13",
              "content" : "1、重巡洋舰「摩耶」改二实装\n2、新增三个新任务\n3、僚舰为「摩耶改二」时，「94式高射装置」可改修升级为「12.7cm高角砲＋高射装置」\n4、「25mm三連装機銃」可改修升级为「25ｍｍ三連装機銃 集中配備」"
              },
              {
              "date" : "2015-03-01",
              "content" : "1、更新「38cm連装砲」「38cm連装砲改」「試製46cm連装砲」「46cm三連装砲」改修时间"
              },
              {
              "date" : "2015-02-19",
              "content" : "1、增加32号远征信息\n2、更新部分舰船的回避等数据\n3、修复部分显示错误\n4、图鉴在舰船详细-舰船数据里\n5、图鉴在舰船详细-舰船数据里（因为很重要所以说两遍）"
              },
              {
              "date" : "2015-02-09",
              "content" : "1、更新装备「試製51cm連装砲」「試製FaT仕様九五式酸素魚雷改」「WG42(Wurfgerät 42)」数据\n2、更新新船「香取」「朝霜」「天城」「U511」「呂500」数据\n3、更新冬季活动「迎撃！トラック泊地強襲」部分数据"
              },
              {
              "date" : "2015-01-27",
              "content" : "1、更新装备「流星(六〇一空)」数据\n2、更新「九一式徹甲弾」「一式徹甲弾」改修时间"
              },
              {
              "date" : "2015-01-23",
              "content" : "1、重巡洋舰「那智」改二实装\n2、重巡洋艦「那智改二」追加语音\n3、新家具更新\n4、新母港BGM「節分の鎮守府」实装\n5、駆逐舰「初霜」改二实装\n6、駆逐艦「初霜」追加语音\n7、【改修工厂】追加新改修「九一式徹甲弾」「一式徹甲弾」\n8、新增三个「新任務」\n9、母港上限增加至230\n10、赠送「250万の感謝」挂轴\n11、一部分舰娘的節分限定语音实装"
              },
              {
              "date" : "2015-01-09",
              "content" : "1、特I型駆逐艦「吹雪」追加语音\n2、特I型駆逐艦「吹雪」改二实装\n3、新增五个「新任務」\n4、新年家具下架，破魔矢の窓●提督の麻雀卓●ステンドグラス●「夜戦」掛け軸，家具复活\n5、新改修装備「61cm三連装(酸素)魚雷」实装\n6、新年立绘语音模式结束\n7、【改修工厂】追加新改修「九三式水中聴音機」「三式水中探信儀」\n8、「山雲」限定掉落结束"
              }
              ]
}